"sim","rho","tau"
1,0.270180855137093,0.00157740055151413
11,0.0997060892553719,0.00379146511590434
21,0.100136547931879,0.00578767209301634
31,0.197706958533741,0.0029512937742324
41,0.122455384921314,0.00467267496027301
51,0.164396157641172,0.0031686376864659
61,0.096493996287541,0.0049234923362167
71,0.0918575856029476,0.00661380849214124
81,0.0901883244560181,0.00710348698180303
91,0.179981648383241,0.00313409813480596
101,0.164754719787787,0.00276557123997974
111,0.128977364207114,0.00428643167060421
121,0.145179845762371,0.00485975415072455
131,0.169737448338677,0.00300258444355679
141,0.454524313235684,0.00101403098032032
151,0.143352870154118,0.00243590609052132
161,0.117403422578913,0.00538442038866816
171,0.0411781218075747,0.0219031583863155
181,0.1814683419916,0.00347583770829149
191,0.213541963383762,0.00231655290221098
201,0.152203482477548,0.00259164047939904
211,0.110085710983154,0.00591565385466265
221,0.218467548576775,0.0025718809528059
231,0.222284358587095,0.00234376834202478
241,0.134836199380263,0.00417715109718208
251,0.218381384815087,0.00302055394965236
261,0.312494683279243,0.00172723594066816
271,0.104149574973374,0.00731223199075027
281,0.212130092940691,0.00321949689965015
291,0.181244971616927,0.00383872196066436
301,0.174548498283897,0.00305669638210642
311,0.110767324093106,0.00553007076106861
321,0.16311078139862,0.00223754537826369
331,0.131706457034709,0.00384597493591622
341,0.149149162330951,0.00373277834808069
351,0.209495236204592,0.0032850340986459
361,0.0903447294203785,0.00913346245268931
371,0.134266973597601,0.00401803272359622
381,0.202723779117419,0.00290947278678587
391,0.157883039931066,0.00231519982007527
401,0.171461910546928,0.00305776785883879
411,0.150717794372538,0.00348266745349099
421,0.149786974811004,0.00382333342079929
431,0.402861130368733,0.0012230456072497
441,0.197347878452191,0.00294453595322061
451,0.0943473090055144,0.00636175979116414
461,0.165577953210669,0.002953315819646
471,0.152873621078547,0.004012090993771
481,0.167834749859165,0.00289325801388527
491,0.163186924989008,0.00299683240863692
501,0.209927967002433,0.00264442413219085
511,0.193278387766516,0.00278885880767192
521,0.0917112790031043,0.00683479966185891
531,0.133113850266925,0.00478298630728602
541,0.159751524194372,0.00359011680141764
551,0.218319590882285,0.00310047860493672
561,0.109429987175302,0.00460785470997286
571,0.204582320426643,0.00279255574304308
581,0.242087970403251,0.00187909981770879
591,0.087191791929229,0.00730596522385689
601,0.184917992294383,0.00343543931965061
611,0.0928296189492748,0.00675935135481016
621,0.2788809631065,0.00137653631215082
631,0.170456044407655,0.00308596794833957
641,0.17436363976371,0.00313258843820799
651,0.219935925265183,0.00256834534857411
661,0.314434323652841,0.00143388053091562
671,0.407901589588383,0.00106282708551287
681,0.15948059050602,0.00462534061948755
691,0.218732939288843,0.00283077803160364
701,0.100664042075073,0.00772411661545615
711,0.179074179042702,0.00260828014310187
721,0.186439132602482,0.00278866174028316
731,0.195479522657104,0.00191736265348164
741,0.181535621472797,0.00256404397740267
751,0.135039131840459,0.00454403597096957
761,0.186294980550006,0.00369650074992826
771,0.107448783946086,0.00572800966275168
781,0.132567450558008,0.00449371846071936
791,0.125470249170487,0.00396803236375579
801,0.151087262335023,0.00260627416791583
811,0.322025735054834,0.00173347123079059
821,0.37460177229591,0.00121046185585772
831,0.166643448727682,0.00334652882910823
841,0.190727128851406,0.00291886376379612
851,0.158946103728049,0.00375862279510439
861,0.116499899313231,0.00565210908394726
871,0.182857593911559,0.00324120682158758
881,0.193509574429602,0.00265100841345129
891,0.140718482886142,0.0035083176917159
901,0.252073891057834,0.00176675404359725
911,0.233140586930927,0.00233262351910569
921,0.314728626313783,0.00160913216761888
931,0.167804677371817,0.0040009343839263
941,0.13358688418041,0.00394114079174074
951,0.192319717441478,0.00348255796674738
961,0.126234743231465,0.00423481617770374
971,0.0979084208488319,0.00438611203749635
981,0.0631540022310865,0.0131475676555278
991,0.123471461510792,0.00560048121153661
2,0.119546680580133,0.00428571295437617
12,0.231517306448534,0.00235935925515366
22,0.175841334710911,0.00354553835293158
32,0.174676817033641,0.00232423714180857
42,0.157256996456758,0.00328344733020192
52,0.0826418990693227,0.00896216081488702
62,0.118805347554723,0.00412588580228222
72,0.16461457571323,0.00287283845164269
82,0.144241900511692,0.00422392246326644
92,0.134272384477626,0.00572371865559544
102,0.231567909816,0.00205830045359506
112,0.13082938964635,0.00472386859725539
122,0.100783233823787,0.00768093747926489
132,0.745073151407429,0.000476233008526795
142,0.121560141739829,0.00752719862938911
152,0.201612700646516,0.00243386197630484
162,0.193879767003007,0.0029577338323277
172,0.0838108646863408,0.0067599887418917
182,0.208604011869117,0.00298422206003169
192,0.226226381670238,0.00336951280647171
202,0.0899225865317489,0.00692772129972358
212,0.167508834699584,0.00336515890603843
222,0.140369078020476,0.00293991312509722
232,0.146857931304551,0.00358265688724628
242,0.148678660100864,0.00494240790955046
252,0.139642333533368,0.00478011822906688
262,0.165661888492118,0.00317886284116198
272,0.139342943333835,0.00330078041290582
282,0.111221091505706,0.00518063113970541
292,0.137183293797186,0.00378274520261938
302,0.137167608715209,0.00463875963432014
312,0.202336461527511,0.00277398051586606
322,0.167169972700316,0.00286863443526919
332,0.0760114719527594,0.0113542499901229
342,0.13888693303579,0.00522425431022168
352,0.187426131223439,0.00247194397071728
362,0.219299787677796,0.00254319879603236
372,0.102972229796523,0.00383158447885749
382,0.198143678767537,0.00315903574359269
392,0.107216951886143,0.0077155428714156
402,0.103363860023965,0.0073071322850791
412,0.0692473069085683,0.00963279981029611
422,0.130348971281289,0.00548612364673908
432,0.23867275525662,0.00194014456385441
442,0.112225686671636,0.00645605628112336
452,0.190738431110546,0.00342463849294518
462,0.789298717820028,0.00042132105605029
472,0.100675103158183,0.00552827773487548
482,0.211289425359309,0.00315983437373118
492,0.11759737386987,0.00500926494880825
502,0.496960802258712,0.000802236045492045
512,0.129632854934125,0.00468286691503558
522,0.0971020048847726,0.00705262222140345
532,0.139579665385526,0.00280779998697632
542,0.0958656636533905,0.00642424094107015
552,0.144901015496768,0.0058917578654975
562,0.160137549683873,0.00418835750112186
572,0.191651458708335,0.00341848519109324
582,0.13826790971238,0.00410986484725963
592,0.0738234236954426,0.00875207524235705
602,0.115799645772977,0.00651317427506294
612,0.135073197129397,0.00358662471587645
622,0.163789815137673,0.00337699938883491
632,0.0773936885591702,0.00856755927049283
642,0.137841005476168,0.00366106145062621
652,0.0930188820663443,0.00788277285673345
662,0.165073300553846,0.00356413106166044
672,0.103159212492856,0.0055668655824571
682,0.0916288138354324,0.00721198634653647
692,0.204345278624354,0.00256775049435114
702,0.127298453891383,0.00420162905707489
712,0.138569471787545,0.0041427408434065
722,0.159750870955131,0.00430092933021608
732,0.161922914329398,0.00440131732863465
742,0.112262563221255,0.00573111574510908
752,0.103757758995931,0.00556011836807798
762,0.175725883087693,0.00153600899566166
772,0.181653343371224,0.00300400948623198
782,0.0828145351150432,0.00520411948956757
792,0.151470446864697,0.00386724027472384
802,0.180570610646519,0.00421039949002313
812,0.103525491220292,0.00694132490210053
822,0.312277064683724,0.00134608787041902
832,0.152208908356394,0.00356712665422503
842,0.194747743797578,0.00239446782476965
852,0.122777769241857,0.00451433603126028
862,0.294895329716134,0.00239654025094592
872,0.104246588926247,0.00810657614054893
882,0.18599888124838,0.00337212878300806
892,0.998498753660342,0.00031101340564248
902,0.118852051960809,0.00553466823033852
912,0.998261746250016,0.000355077085270437
922,0.14649350290056,0.00351871949491101
932,0.197573897921564,0.00296598305002843
942,0.154881327333161,0.00387942441608608
952,0.0823896252128692,0.0065901901558278
962,0.205323451660503,0.00291622331214105
972,0.0838725250667815,0.00807445724381354
982,0.14421450395291,0.0037458053780121
992,0.341905528808237,0.00154226670966351
3,0.13236148505614,0.00308968830643138
13,0.210061418668156,0.0032055536505527
23,0.167141432254091,0.0049825157537836
33,0.406440232010004,0.00105550732066441
43,0.15178486868768,0.00481157263155617
53,0.0930816173763858,0.00528473408844512
63,0.16671170389842,0.00328100843825488
73,0.0775534863399973,0.00483093535552855
83,0.125431401255735,0.00434761032522095
93,0.195032687067597,0.00209786833655057
103,0.0555251245669751,0.0144422240842417
113,0.230837588018019,0.00325187284545961
123,0.208208965487447,0.00322997171175841
133,0.131972094091417,0.004206789428634
143,0.172412083346911,0.0026692300000733
153,0.0775049118252293,0.00619232560726585
163,0.151200286151605,0.00369303154160404
173,0.189549166529751,0.00447114525249251
183,0.0755370004830647,0.00789287939068524
193,0.186620599407343,0.00300149028644614
203,0.113487875210827,0.00330900212803408
213,0.241638546777742,0.00255447952808751
223,0.288587389404855,0.0017867747594571
233,0.084186093843138,0.0114587519522802
243,0.152102921217234,0.0029348890024944
253,0.161140575207345,0.00388308259853127
263,0.234972639755418,0.00234450254690624
273,0.103117001402293,0.00691182607726941
283,0.151248754350971,0.00370765770870087
293,0.211003429058301,0.00280334331172687
303,0.14136128342753,0.00486011474886403
313,0.196640312117943,0.00265674876794379
323,0.157496673433294,0.0025406320505656
333,0.0894904000174534,0.00854325369354231
343,0.99926809439642,0.00032314372003563
353,0.275379380311787,0.00162877081942557
363,0.190499031892867,0.0029295088221533
373,0.321312825620315,0.0013636403326813
383,0.419887308828982,0.00146890376299605
393,0.161161583759537,0.00268773423289301
403,0.163121730736864,0.00253193634529302
413,0.0962643830074272,0.00665265695302157
423,0.125818468256868,0.00255137349203539
433,0.150581462912609,0.00387613349399666
443,0.169073471619747,0.00448550487115957
453,0.408549134989283,0.000911677351832855
463,0.107952167975291,0.00584446007428827
473,0.157783201554262,0.00426289211147066
483,0.337972787464296,0.00114306311931685
493,0.136248410241014,0.0060810265075775
503,0.113015589074493,0.00504219523273329
513,0.177081840401599,0.00223897533470647
523,0.183060815491568,0.00373408258492944
533,0.38528070364952,0.00122526071925877
543,0.12791983220556,0.00364526988318892
553,0.128951024895058,0.00443355550766833
563,0.131630188698176,0.00467491343623372
573,0.317816054380482,0.00171730402211476
583,0.535072894205752,0.000882124043693271
593,0.232791338434814,0.00327838961049252
603,0.131941328513083,0.00486489218591458
613,0.162550471065979,0.00428419312028697
623,0.136625677752265,0.0040981721315607
633,0.19666294099539,0.00248980046899002
643,0.0422529464139458,0.0191021854582289
653,0.135688787802616,0.00415190313968128
663,0.117625318183255,0.00436173194949548
673,0.161684260136518,0.00257036408417557
683,0.270182144540527,0.00203370795489694
693,0.145804140383749,0.00363606363036661
703,0.225746935585219,0.0016624250183021
713,0.163914595650964,0.00310667107702953
723,0.168908349934638,0.00319942732791836
733,0.425742364785475,0.00118774039670849
743,0.165740635985247,0.00490037983273048
753,0.345508852918967,0.00099553328195334
763,0.130460713851209,0.00352120018248533
773,0.143239457345904,0.00334681737354779
783,0.0522058130101171,0.0100370208857418
793,0.237149753654169,0.00191840566713093
803,0.169942978606015,0.00243843161010093
813,0.205219621352299,0.00263314262867306
823,0.168826103800869,0.00164775925838378
833,0.172031177838596,0.00248572192024558
843,0.131368049650103,0.00550745326323076
853,0.0960928720396429,0.00780123417712414
863,0.134589643805369,0.00342225434229335
873,0.105968492211681,0.00840970546511211
883,0.125413284787611,0.00383925995600519
893,0.105253412000443,0.00555444889587032
903,0.225390046613404,0.00166865339775141
913,0.142154785794518,0.00592289913629183
923,0.151383195971524,0.0054859931103318
933,0.164448935623629,0.00347728180988734
943,0.121857510842442,0.00498706156489005
953,0.162529332356096,0.00433178862407986
963,0.098792212845505,0.00336640771409826
973,0.195599406011765,0.00281991032669568
983,0.14309392463929,0.00407040639467526
993,0.153795066591313,0.00314783288251134
4,0.206509238863256,0.00281147641357333
14,0.135445257289978,0.00383957826249764
24,0.11260146210915,0.00364448264510614
34,0.113617808485865,0.00576513439460593
44,0.189416569182757,0.00276070178354082
54,0.150225063379339,0.00244318552478056
64,0.144353645057387,0.00626642183582659
74,0.177601758273194,0.00293332367712229
84,0.155856011786407,0.00333517786364538
94,0.186739455754416,0.00233445078385772
104,0.0840334344073526,0.00954013986857614
114,0.103467046203182,0.00870564217734254
124,0.127582961697439,0.00470381048874714
134,0.128623667424288,0.00344566435572056
144,0.150070520258181,0.00353297724265532
154,0.141200503978111,0.00385086958460299
164,0.132486240724291,0.00315633334341789
174,0.106326323844155,0.00484944405499547
184,0.244240840748445,0.00251550841102439
194,0.151663955916867,0.00272758108590908
204,0.571380647240852,0.000642010532182882
214,0.0917095142020432,0.00805241325522205
224,0.120996606590808,0.00467623126479073
234,0.157050285122563,0.00393111088383879
244,0.952101281592934,0.000384681682361253
254,0.158116987555543,0.00427135326626737
264,0.117577444634406,0.00539293047562637
274,0.268252098225301,0.00152684409036059
284,0.150668402601854,0.00459593239645266
294,0.130168274746037,0.00728874732067537
304,0.100071205307496,0.00692450369922064
314,0.121202917711096,0.00474012882484193
324,0.129580319821367,0.00422510001742874
334,0.164575839834533,0.00375448705638029
344,0.123480988179162,0.00406032679758843
354,0.16045442319799,0.00314219066354582
364,0.139977467356965,0.00338657742951807
374,0.319169091436539,0.00118887672777485
384,0.122436301521038,0.00439263082924591
394,0.152172513678496,0.0037687256790204
404,0.138697549626784,0.00393025965636156
414,0.205753455219114,0.00258141125227884
424,0.232201330148836,0.00290893278942419
434,0.173620546081095,0.00436280250293748
444,0.0904614362525047,0.00775612514619029
454,0.117765935874165,0.00602192168833967
464,0.0987248836746675,0.00629375578897421
474,0.178246734740124,0.0025977502919908
484,0.111795921615435,0.00534209482136761
494,0.148842515401821,0.00454862187935317
504,0.1652603627512,0.00292552807329651
514,0.152767197266708,0.00348126654643128
524,0.147995427678132,0.00528036002552465
534,0.220624757032368,0.00271651733382768
544,0.14930345532162,0.00303029258594321
554,0.200099890237968,0.00352099738028719
564,0.163368584236632,0.00660477248013782
574,0.3411247850783,0.00146148542527822
584,0.117073273198375,0.00684534939619728
594,0.438122387108076,0.000703871702821445
604,0.127986434303894,0.00384532192260893
614,0.176791851244325,0.00371724189737559
624,0.126939814439117,0.00450236798542056
634,0.151814990985937,0.00351098676872585
644,0.226839456800189,0.00244382292853593
654,0.109384688685332,0.00511036541950078
664,0.259847319723325,0.00162572542065584
674,0.0954594428249891,0.00527514696274364
684,0.132168975998673,0.00739768577157469
694,0.100921377060263,0.00658418482311006
704,0.151883080912051,0.00492217385790318
714,0.182858420821514,0.00362980985524698
724,0.127898811946943,0.00438170251385843
734,0.149790081580219,0.0030726229691781
744,0.195674242084783,0.00228573902698137
754,0.224687124202546,0.00277310618520908
764,0.163918742786986,0.00356995850878405
774,0.160664589682976,0.00249865996539938
784,0.132994942572797,0.00423050822782748
794,0.128128044082281,0.00436574550848073
804,0.106241086402394,0.00701021975618226
814,0.125861560129518,0.00699119523826252
824,0.113536266529848,0.00495958430305314
834,0.198116319136871,0.00168190917828919
844,0.0930016504131456,0.00924783358040912
854,0.0956147189764129,0.00462866784681464
864,0.165836702829862,0.00282393849942407
874,0.157554419865867,0.00300718336349131
884,0.102553323755983,0.00545049051949909
894,0.146549745726947,0.00519410907515579
904,0.125520595639684,0.00377991362348366
914,0.102455674745672,0.0046304466358601
924,0.623505273877178,0.000630621298024082
934,0.173265671183521,0.00359445258124835
944,0.178715875204769,0.00242941940058372
954,0.181448427988086,0.0031302039665188
964,0.197354619430212,0.00276649751461413
974,0.104440567526589,0.0068630996967771
984,0.190715416966405,0.00297774867232199
994,0.198344278318157,0.00369436190437207
5,0.0973674334223816,0.00749782146970048
15,0.114576370881118,0.00760688794417791
25,0.152148754810719,0.00699565388277882
35,0.1877971872714,0.00246638109392544
45,0.188355254178433,0.00234866313334287
55,0.0622466737479541,0.00885596468490499
65,0.158598968974816,0.00344579112315165
75,0.140060025850297,0.0038522952578342
85,0.103558895836635,0.00861377641705367
95,0.103261706233938,0.00529838308737777
105,0.100534438121248,0.00425633276161332
115,0.0987068190328679,0.00637840628706345
125,0.142167673668593,0.0042779510614921
135,0.113855530657758,0.00438531403758793
145,0.14719584230843,0.00412230647742975
155,0.154063776063511,0.00392655870053438
165,0.131946783655095,0.0052542949697344
175,0.115493892024561,0.00435254846180394
185,0.113317357325236,0.00537208263993906
195,0.176678223471297,0.00267441303015052
205,0.148880182020015,0.00459535625456794
215,0.0990354895051938,0.00799185648416749
225,0.290955410484253,0.00148295873938136
235,0.0946031423204665,0.00579586626480029
245,0.152151471220733,0.00348366243148863
255,0.180655443421914,0.00244070591976264
265,0.0668031870807207,0.00987280025896202
275,0.156938754425552,0.00344714916734306
285,0.115932609483268,0.00409312803342866
295,0.115482572173624,0.00505546422592596
305,0.16928820837898,0.00366840061805352
315,0.197597678938249,0.00277254684008797
325,0.30406455779293,0.0019967230027076
335,0.108065978567057,0.00838884067707155
345,0.168810769808659,0.00434846477945307
355,0.179256059674849,0.00283133466954841
365,0.483326763720139,0.000957354784732152
375,0.074014721219502,0.00954450337105701
385,0.174763009280671,0.00367370425954272
395,0.151255637005671,0.00258089010551214
405,0.188935239612793,0.00398201695161401
415,0.14631215506629,0.00421835147444671
425,0.186904903253263,0.00309212347693106
435,0.130287959627262,0.00397023699427522
445,0.116020250497875,0.00697724563631629
455,0.118491023463941,0.00496894632957691
465,0.176138622892959,0.0032109312954792
475,0.138565511320159,0.00361926030328406
485,0.164093474351367,0.00268044571860923
495,0.155853755729478,0.00288638692438048
505,0.167663884895433,0.00332680419236317
515,0.274767472461624,0.00154505107429442
525,0.109595126197787,0.00680376950708226
535,0.0800721200171209,0.00678174997859513
545,0.331585235386214,0.00160971435403691
555,0.292613902970133,0.00182578654464156
565,0.0986636424984881,0.00406815993368171
575,0.338054803672168,0.00170355645187786
585,0.0863114802341443,0.0097021099566691
595,0.112354255347474,0.00480238096039102
605,0.130467320899263,0.00604510633592538
615,0.140744237403734,0.00517170217564015
625,0.19848428499056,0.00324184148485236
635,0.143561770479709,0.00392611058775904
645,0.126111304658915,0.004160003852353
655,0.213642062325479,0.00246553599290402
665,0.201654538807776,0.00270001788498664
675,0.205438617459295,0.00327993252162295
685,0.128076554072681,0.00541129704507712
695,0.143833739325007,0.00331943604409413
705,0.156323122175246,0.00319460648938445
715,0.18558449771998,0.00277325154265165
725,0.190485536288107,0.00313910361354541
735,0.159124226082132,0.00407118306106858
745,0.301255869202401,0.00155683826446918
755,0.132954821722815,0.00559641901554735
765,0.417344796187349,0.0010253266234508
775,0.0785459986800843,0.00622113909590369
785,0.135115461695167,0.00576412984570826
795,0.176231744649056,0.00343100851941239
805,0.167603768585451,0.0031249558941535
815,0.23634798900345,0.00201990633820968
825,0.134996757498004,0.00340534002963482
835,0.155565029648123,0.00343661465164755
845,0.110573683847029,0.00466087868975608
855,0.185289200438572,0.00328052516367454
865,0.0990131549171562,0.00640126479593279
875,0.33829633805611,0.00105295406944961
885,0.0901371054623992,0.00732494663403751
895,0.0976604761876377,0.00474617907470173
905,0.138804976254953,0.00370495476639127
915,0.671889149850522,0.000549489436367622
925,0.137866156147311,0.00625328117235099
935,0.224329003513512,0.00233880625598695
945,0.183658650901657,0.00224607795085969
955,0.350876783910094,0.00112302638130912
965,0.196587273273837,0.00255913298943044
975,0.160663996930333,0.00367200519258907
985,0.0794556492522609,0.0073591323934471
995,0.125105945981992,0.00413273912022687
6,0.0771376675483237,0.00804375374675623
16,0.12348006459198,0.00501947306475165
26,0.170840440359888,0.00278543374387031
36,0.200333577768113,0.00329464371812885
46,0.148107236586917,0.00353002493250687
56,0.106800147966221,0.00507670810278083
66,0.0890278807755074,0.00523824765656318
76,0.0882654853224954,0.00718815972126607
86,0.128404898700284,0.00429709132962969
96,0.14559834882341,0.0057313845343407
106,0.115819956219019,0.0056697919081165
116,0.132785276912589,0.00544271566681119
126,0.170372285634645,0.00307797413707545
136,0.139450279028086,0.00443974236153477
146,0.145761898349482,0.00420409015741293
156,0.139453456468331,0.0045501846100103
166,0.09919057716924,0.00578847802405859
176,0.222281318488263,0.00218100835476677
186,0.269900213759418,0.00164304519533865
196,0.126252358714731,0.00600361593900847
206,0.117209892601401,0.00489780258847381
216,0.132204894484444,0.00412528133873094
226,0.11548948132788,0.00312534534721364
236,0.145750770133522,0.0043514103402683
246,0.122375969975003,0.00307979257157837
256,0.151118555820419,0.00325558598778607
266,0.0856415426997815,0.00717211644975674
276,0.165321941359026,0.00286334427636148
286,0.451283888291573,0.000981547723520147
296,0.128749326910152,0.00414961692485041
306,0.0971257899245204,0.00682535839201375
316,0.143345088768223,0.00388355597855206
326,0.100664305169866,0.0065865097554767
336,0.154006145616406,0.00351214701233575
346,0.175976928826354,0.00343680267281256
356,0.155180364675198,0.00593840435535741
366,0.166422737056554,0.0032021538323255
376,0.13408750294681,0.00389477749907284
386,0.173922708167119,0.00289553750751554
396,0.18138132340043,0.00257045286057981
406,0.0552145440228653,0.0121455422726862
416,0.153324912839227,0.00380854049837235
426,0.159585813433925,0.0049585778595203
436,0.232453421802682,0.00231687097666777
446,0.183484516469476,0.00338334577985584
456,0.129033750624742,0.00410204014344258
466,0.130196563154407,0.00586871211980921
476,0.124425767021667,0.00514354528206937
486,0.365903368345972,0.000882518452211944
496,0.272296665774209,0.00149847800232439
506,0.17590833481947,0.00242201626561453
516,0.067537457658022,0.00733024191486641
526,0.127336730047422,0.0060048648036337
536,0.247920275517743,0.00221161853018729
546,0.0711805195236264,0.0144393525725882
556,0.209520645490238,0.00213921744026784
566,0.404100637008647,0.00120354354823095
576,0.439800555174191,0.00118798564024289
586,0.258971832892347,0.001539260352865
596,0.212809435577954,0.00309239457221499
606,0.143277545086306,0.00437120661354135
616,0.176801619674894,0.00339829693480179
626,0.143811758739742,0.00297322186983967
636,0.173338805381633,0.00308503571664798
646,0.120938775631853,0.00600799723805942
656,0.136639433062929,0.00365871888046251
666,0.0894280990883836,0.00976420253427243
676,0.0930669194861837,0.00753524152453777
686,0.11972897089354,0.00731790074329105
696,0.203346094189839,0.00240772634107569
706,0.10459349096989,0.00614187074171109
716,0.185081863198194,0.00323223714085679
726,0.182863336129291,0.00338567138254278
736,0.173668875794637,0.00193355086617829
746,0.120390882253444,0.00538966149499789
756,0.900456084054127,0.000424634751939588
766,0.135618951497189,0.00407836247884073
776,0.176547704556853,0.00320830858488115
786,0.102764685562722,0.00682208809726404
796,0.162098790510507,0.00277892202963755
806,0.124190379233478,0.00490924538879688
816,0.319676559748334,0.00158875562598924
826,0.389892497019599,0.0011105022004504
836,0.214008589430659,0.00273152913088609
846,0.18062891495773,0.00351274543667154
856,0.0826518877342894,0.0100343857566025
866,0.214533148179239,0.00236865539639219
876,0.110191475884235,0.00735005184458306
886,0.171419346325176,0.00346650733256582
896,0.179146577625378,0.00308040798770579
906,0.286366837333641,0.00155133431370108
916,0.090440585444044,0.00781018725089488
926,0.122947750146837,0.00478071737076978
936,0.130569392164044,0.00474272857304462
946,0.237290646545768,0.00306009608219645
956,0.0966729409775619,0.00561036790112607
966,0.169763465525621,0.0041795155927897
976,0.0694883612657988,0.00934901406450175
986,0.198209781781703,0.00198708259001903
996,0.0630099177143319,0.0111675926653174
7,0.0952237074833581,0.00663570853422833
17,0.0732222668362449,0.0103262261772509
27,0.110439466500504,0.0031917903556728
37,0.0809866101593976,0.00821906574506104
47,0.168094693348823,0.0027014652445261
57,0.149492238290507,0.00458697975559476
67,0.0812790212686331,0.00826720833357766
77,0.118620075862038,0.00571875313161572
87,0.170809863492314,0.00350423817420959
97,0.131033883911035,0.0039428674268812
107,0.155258223785547,0.0041398816289588
117,0.147767403682606,0.00405132941317971
127,0.153872717039289,0.00365679951980973
137,0.120865968734187,0.0045162445352411
147,0.22016641496375,0.00284925422771443
157,0.335940050306856,0.00129529687490544
167,0.123265465315933,0.00416995926445382
177,0.111972659660564,0.0051044181080976
187,0.1581257199603,0.00344544528085908
197,0.182777380937641,0.00285320907487195
207,0.177390160481115,0.00275453831571794
217,0.120417118028514,0.00519766999001493
227,0.0721567482031119,0.00969205047785506
237,0.139391929441431,0.00432385737634508
247,0.152731549914194,0.00313234369407172
257,0.100641077872158,0.00393002302166608
267,0.180734502645026,0.00270892923752114
277,0.108319436527619,0.00423431216001103
287,0.158327621961514,0.00237978076587018
297,0.200902068015699,0.00290634511716514
307,0.172301848863126,0.00274020257113557
317,0.134801922074771,0.00609727678150739
327,0.146306856913357,0.00690747188470909
337,0.184053738463397,0.00275657808997924
347,0.260595352223911,0.00197041679723764
357,0.193427281386873,0.00386224587850653
367,0.092888531696837,0.00517008739779813
377,0.11233380501053,0.00536499029743172
387,0.123527459489988,0.00416687576181692
397,0.183412674299675,0.00265509805480376
407,0.158865773209541,0.0025021361643615
417,0.167013129979722,0.00262091223527404
427,0.186134898891084,0.00271229157275742
437,0.134457581003338,0.00457630909670373
447,0.192199524481816,0.00272844489789416
457,0.156412871311781,0.00465970497015728
467,0.181576223306159,0.00345783674237736
477,0.185645408379791,0.00414573141609649
487,0.209556076464603,0.00222959606745941
497,0.133290577902915,0.00453776357421256
507,0.585220771374412,0.000675098272946239
517,0.119265868900439,0.00403525610414366
527,0.174848150273553,0.00226926325702598
537,0.389411235259562,0.00150669395489797
547,0.247349364060922,0.00200697642939989
557,0.157502605936902,0.00298134449579847
567,0.235944161817837,0.00216266102947217
577,0.112974411808278,0.00603336586107962
587,0.176179348139497,0.00347822655004491
597,0.10033452049709,0.00600704237778074
607,0.128969234092692,0.00517889706450111
617,0.361684530576357,0.001141400073099
627,0.174462696404044,0.00310941878560382
637,0.115927121056241,0.00754281392927565
647,0.103108809902117,0.00492478564623395
657,0.178020086567976,0.00180307857626511
667,0.164356529262292,0.00378543385599581
677,0.141701185791313,0.0036941258076526
687,0.131514922464206,0.00306942306177561
697,0.118654527142514,0.00433738172957896
707,0.141910369614508,0.0034951373935129
717,0.19383324984985,0.00323937377505428
727,0.179871519445287,0.00375153266488284
737,0.0882249405360152,0.00547291493959722
747,0.119035675270197,0.00432436112760334
757,0.118714907038421,0.00464059363552398
767,0.121123145996653,0.00467984648684304
777,0.101089743085418,0.00461011540597198
787,0.13851705021969,0.00381446017397225
797,0.140409238060564,0.00441879269194195
807,0.108317073118972,0.00498122418693649
817,0.120890430269188,0.00507017698737385
827,0.180918532563405,0.00228738178431711
837,0.174725344769956,0.00312435527968437
847,0.133439413962666,0.00310622575387058
857,0.152710579804761,0.00317284601910555
867,0.184695161579746,0.00284737446056979
877,0.123295882248963,0.00341579052178099
887,0.103778719383449,0.00727264297347564
897,0.119686732735902,0.00448887510909221
907,0.14395419097151,0.00281796349191483
917,0.116323636054151,0.00661365751688555
927,0.194196722671446,0.00243212061332972
937,0.202989380525005,0.00378561612575037
947,0.144213507931827,0.00350494946251426
957,0.168119682853946,0.00436646503775079
967,0.168117099196045,0.00265817503914519
977,0.195545907877703,0.00292428613646376
987,0.131904507050059,0.00456450756935098
997,0.105853771309583,0.00460009646611938
8,0.159087239560274,0.0035372492376252
18,0.118614875708635,0.00565762934335047
28,0.0847688593548372,0.00664319101695996
38,0.540923457275891,0.000734673288745212
48,0.120813889190961,0.00518256713796901
58,0.167825932663387,0.00356883805623598
68,0.158299884522935,0.00455317477154012
78,0.152462806011693,0.00303168720889494
88,0.168217117470918,0.00348104763491842
98,0.141277409185574,0.00523253716213696
108,0.0975128492429207,0.00540510634615697
118,0.19549749774692,0.00429560033697617
128,0.153722879723679,0.00342269478145785
138,0.0840006123587059,0.00820564612953711
148,0.339104235792343,0.00134995016341862
158,0.107985557941457,0.00751490379274753
168,0.215592517052923,0.00356939306600425
178,0.0954503826327399,0.00568540315601023
188,0.149166098541494,0.00469073215862305
198,0.21650736345885,0.00252103652228006
208,0.188758737782052,0.0029601266049689
218,0.158403664225126,0.00308664322912434
228,0.142756853454045,0.00288610159277016
238,0.164708694312337,0.00311917365205536
248,0.290023181903463,0.000857901824129274
258,0.102975688382133,0.00754217201164011
268,0.0997259840359761,0.00804979973587932
278,0.207448379960786,0.00279380138834148
288,0.17329805194421,0.00260741087837174
298,0.17360503867259,0.00318011920440144
308,0.134485764362976,0.0043391137691271
318,0.146858990919139,0.00352682860292108
328,0.175074855273779,0.00229191169748487
338,0.375572531460136,0.00104361784779074
348,0.117148260133205,0.00536794933720894
358,0.175622498294732,0.00299299180717854
368,0.24365019755583,0.00230782892833781
378,0.147388570195665,0.00393390302848021
388,0.182768164539634,0.0032845146924392
398,0.20192207362389,0.00191318926712632
408,0.175372689651989,0.0030228638274116
418,0.166664248476894,0.00380102879071128
428,0.0953164275438218,0.00502265231821992
438,0.132873572957926,0.00277152831471928
448,0.230845544913284,0.00173366606390716
458,0.158255892204661,0.00286195777113815
468,0.0820667127304991,0.00719732545465363
478,0.178829132011174,0.00302438981374043
488,0.108111723740133,0.00554781304830366
498,0.0746165094435171,0.00913804374661903
508,0.168982225152847,0.00285086273516682
518,0.275384447838746,0.00187714443898916
528,0.16802860426749,0.00343857360220887
538,0.129317291103113,0.00541842763116713
548,0.129862638030749,0.00370902338871134
558,0.153444224810716,0.00494625624799689
568,0.207935234218114,0.00183443341778807
578,0.181445213087251,0.00303087714008124
588,0.14277337405546,0.00393765196867204
598,0.152411347619877,0.00345856872669066
608,0.12595299195962,0.00395927080386423
618,0.217519575949176,0.00160095225010149
628,0.193314387207557,0.0026804971530553
638,0.119219834508285,0.00530568918188738
648,0.227115956255975,0.00222450779253969
658,0.143068760141139,0.00525734656956516
668,0.173349317529283,0.00394468909843918
678,0.224005167739063,0.00196820889805634
688,0.107900985734904,0.00375336521607877
698,0.092480594143435,0.00762842049465061
708,0.170672434500776,0.00458133527558798
718,0.281254988506912,0.00154584564622391
728,0.159321807442451,0.00342506167436197
738,0.144531680199035,0.00479491131699124
748,0.0928323878573578,0.0078978191453466
758,0.160067305326562,0.00342751448640138
768,0.149851316239599,0.00404514672878721
778,0.419018443327555,0.000957510030376136
788,0.110458864273159,0.00518638621876951
798,0.143730578218332,0.00428665478092403
808,0.105463093013398,0.00518937350152342
818,0.182977700133126,0.00274661194839356
828,0.167061948380162,0.0027766365235353
838,0.101089081378955,0.00649201973555119
848,0.230743324996558,0.00273368552451661
858,0.181861432670898,0.00264850183335737
868,0.158002879982975,0.00373887611444938
878,0.182180972729319,0.00364606074643341
888,0.38659199196947,0.000865299588810432
898,0.123501972664289,0.00422188891194352
908,0.0883217802118105,0.00621393723180416
918,0.0809449962551474,0.00653559350161726
928,0.198701567393167,0.00364727657485385
938,0.239496618134745,0.00235144262240488
948,0.134965623459939,0.00510188165230474
958,0.175462842289959,0.00298038810614768
968,0.169663753164959,0.00289690306841918
978,0.0794124347045635,0.00891667417597615
988,0.140983805871826,0.00295749970957765
998,0.0764570493190082,0.00926917710737249
9,0.16331368958028,0.00345314311791482
19,0.153547617179265,0.00447536950354711
29,0.13959099170432,0.00465116226810532
39,0.147679627845078,0.00702879913941735
49,0.144164445491792,0.0047509976153915
59,0.161295490659961,0.00261363994351769
69,0.21672607337932,0.00252674550245738
79,0.273558715760935,0.00179467001668312
89,0.196942487771173,0.00298174849455006
99,0.182421806518778,0.00268821997751302
109,0.112801552081032,0.00666532231407197
119,0.137605122532637,0.00611976444545262
129,0.138406527962955,0.00586831455010042
139,0.123327818930855,0.00408093330664614
149,0.0867231693873304,0.010018493692288
159,0.10302817857586,0.00524586017139406
169,0.120790143351515,0.00603782397798607
179,0.185025960469612,0.00212305528048286
189,0.36886430024722,0.00136782370823752
199,0.115600046759839,0.00652038903003413
209,0.0943025566598142,0.00575228091468886
219,0.151183795075489,0.0042776617511924
229,0.174139137183044,0.00330924521152799
239,0.181891178625424,0.0023366625485184
249,0.149787061931866,0.00362686456035302
259,0.0973107937324923,0.00813868169439894
269,0.149800010298486,0.00357370505747585
279,0.160274628269994,0.00319060009304302
289,0.251162852855667,0.00200325255100207
299,0.426483972504243,0.000814901979696464
309,0.149961442147653,0.00404301962864376
319,0.115313342745774,0.00674952579638664
329,0.324200820855025,0.0011249542932008
339,0.0876734964306509,0.00837515582361824
349,0.164492810532822,0.00282562498407814
359,0.154626826453111,0.00265982665003236
369,0.150907328340906,0.00326053914657831
379,0.125390684463885,0.00524454369486153
389,0.12283802566453,0.00605709059001257
399,0.176413617552564,0.00335627303512935
409,0.160163933888295,0.00284534507899208
419,0.182053603101538,0.00272766620601024
429,0.480589655980388,0.000912603612252241
439,0.13558398375914,0.00540460015515475
449,0.158971908011916,0.00316220142741458
459,0.174953522619829,0.00267527937227596
469,0.178091584327444,0.00295767773686174
479,0.112101328734162,0.00531042965724748
489,0.13246840784014,0.00282892579764168
499,0.164206633660158,0.00317290877112006
509,0.165637976454844,0.00330437632052763
519,0.136398138718127,0.00470634886659741
529,0.146818028011281,0.00413894591889279
539,0.105985271389349,0.00571621653121797
549,0.183402742949328,0.00338559762186055
559,0.14225630410981,0.00306291825247252
569,0.094913867371436,0.00609911178941293
579,0.0849375181646708,0.00502302675833577
589,0.170128275895289,0.00349822032951489
599,0.132634098420496,0.0034482472944009
609,0.0738482837838963,0.00743351959646949
619,0.153610626901133,0.00342891549309206
629,0.137009276112914,0.00448247300714828
639,0.174174421155744,0.00392201688697312
649,0.206774852530235,0.00259896453520826
659,0.17280234100077,0.00334302820943122
669,0.110681030905779,0.00635720101703989
679,0.163332374306644,0.00336984008604055
689,0.22453018682232,0.00218227001024282
699,0.0765960842245725,0.0110633606016384
709,0.143991112465214,0.00307383062831633
719,0.101100230737332,0.00534663215134657
729,0.128816194428333,0.00667426654098187
739,0.105041818724485,0.00678437766671984
749,0.541912324678394,0.00073075919395105
759,0.189946301553045,0.00237978658280728
769,0.180860814270589,0.00274044110762436
779,0.327822633838099,0.0015052737778023
789,0.114671740316154,0.00504643295222228
799,0.216078790075638,0.00261163570416182
809,0.0440698853570733,0.0113251355215644
819,0.158850254969205,0.0029048616889509
829,0.0804183605872947,0.0106865560843645
839,0.130499195877397,0.00495371829829663
849,0.26903312822415,0.00131103313501982
859,0.14721699038525,0.00431787236414603
869,0.14523188553898,0.00500383215408631
879,0.101261610798854,0.0065091552384334
889,0.18727080948115,0.00323921760925972
899,0.0956420051084373,0.00975623895208275
909,0.107033915376274,0.0054735502981353
919,0.0939882596959647,0.00769532235369094
929,0.140608699388917,0.00393177330819652
939,0.0888450046433502,0.00643402078954386
949,0.179966850592331,0.00260434108745867
959,0.177847193045944,0.00295168246828598
969,0.165016483005444,0.00296607827201544
979,0.160162285663844,0.00335161773720616
989,0.0848481972057583,0.0102371884136006
999,0.165795479449562,0.00342245206258131
10,0.149928301562369,0.00285085549503051
20,0.0774831464959405,0.00565994533027249
30,0.182977016106119,0.00205359909249804
40,0.147696153673098,0.00404595688917245
50,0.115045731337726,0.00545235954048486
60,0.167705723709981,0.00313192790266848
70,0.410939612552573,0.000839719205513659
80,0.234158596539746,0.0027858170558781
90,0.15175290841134,0.00383195776524808
100,0.194974823731521,0.0039666195733547
110,0.225592034189107,0.00232622035560488
120,0.138648717101727,0.00249691859998213
130,0.45514083645297,0.00108387702627352
140,0.148932064862478,0.00403588679500558
150,0.141056712790289,0.00292060002874275
160,0.184559026490564,0.00237081705381423
170,0.120456502186516,0.00334598186937877
180,0.07263560834644,0.0106743777540249
190,0.146594805634737,0.00361120909579553
200,0.394899287511048,0.00129742745079064
210,0.15620942315901,0.0035849692657998
220,0.203649808498775,0.0032545532434992
230,0.368989287712276,0.00168177639320807
240,0.202226006081063,0.00243065970488119
250,0.130402857583533,0.00431922248786563
260,0.159724302423123,0.00485424092772313
270,0.13187075428338,0.00328695661594044
280,0.171932069842487,0.00262631309553622
290,0.159308254819366,0.00280670640619131
300,0.192838162029254,0.00260004912107445
310,0.11417706475082,0.00559402630080368
320,0.132569402039709,0.00452087607719485
330,0.316689622665741,0.00149383312890006
340,0.110742636506276,0.00752072749979733
350,0.195109985982863,0.00268232931505234
360,0.170434213233348,0.00322844934955127
370,0.175946320578788,0.00265221636464542
380,0.142073998458422,0.00304354363149221
390,0.13909020350558,0.00414248395017382
400,0.164898013513574,0.0033137629379385
410,0.1921099027343,0.00324883770593485
420,0.344362706179764,0.00155931488153539
430,0.122295665298706,0.00405197543645744
440,0.146248775453086,0.00429274823328259
450,0.104388014516805,0.00640633761837748
460,0.210814980100916,0.00291081228750621
470,0.151726223764077,0.00354069658432454
480,0.22209793027953,0.00297414941755975
490,0.188633415321321,0.00348518945059488
500,0.116960066891822,0.00498711031464924
510,0.145843246430934,0.00402126618056933
520,0.0943682669819964,0.00488932887583164
530,0.185625606715444,0.00290405398036409
540,0.0982427932954595,0.00517812144096438
550,0.119689760098921,0.00506289921671781
560,0.285504509991299,0.00148171689279385
570,0.090309716445829,0.00868395567530674
580,0.129592444252736,0.00413125618568917
590,0.338209023962961,0.00141661181025368
600,0.11875459771001,0.00707936415671926
610,0.170470507359901,0.00338812481993715
620,0.318050325450842,0.00107393952990344
630,0.0783398861833637,0.00923763506361258
640,0.163673087785546,0.00371318543895413
650,0.142082726598139,0.00433054972360262
660,0.324329343785816,0.00139051856216904
670,0.120351603721193,0.00515346445915422
680,0.0864680208066596,0.00853138233738005
690,0.167143110752585,0.00273425310373922
700,0.161869539012342,0.00315833597579413
710,0.166057380295092,0.003522420586643
720,0.149614961725081,0.00331683849004676
730,0.117380203147517,0.00472395061301948
740,0.193173092201256,0.00360970069297831
750,0.135583629149399,0.00641866942049786
760,0.133892813277273,0.00458729002101646
770,0.195340628498012,0.00429304506155249
780,0.127464484545738,0.00493706548356332
790,0.175456249249818,0.00336823451846779
800,0.1341840501401,0.00441762158775147
810,0.55422798884502,0.000524783844733586
820,0.166294651328537,0.00472508490632969
830,0.712143784281144,0.000413950064812533
840,0.18063724725081,0.00305315703469882
850,0.0937150007629184,0.00942097464884794
860,0.163487840527533,0.00357732555998015
870,0.148009793343086,0.00381066270165811
880,0.287675964105951,0.00180175164224669
890,0.204205969378726,0.0026754753292416
900,0.132001902843494,0.00547751379715845
910,0.141260240871524,0.00360822050270198
920,0.0613296820936731,0.00882190228988457
930,0.236631863289349,0.00240134600623141
940,0.339141388918635,0.00149652561957401
950,0.190532313611209,0.00279514597804681
960,0.415208127395549,0.000709948786260853
970,0.103534579911611,0.00588567519381237
980,0.133698286709822,0.00594839018520409
990,0.124610658596716,0.00364688968821082
1000,0.215853057472657,0.00280208501308673
