1,0.00104725247568496,2.92848191867193e-09,180.461285739107
1,0.00207918161126147,1.6823905534178e-05,-2.33583196514818
1,-0.000107947354794439,3.19255109537046e-07,-4.42834283171982
1,0.000125236351659008,6.44609928657344e-08,-5.12490157708035
1,-1.22544922615468e-05,1.14425548558302e-08,-6.10435613424222
1,0.000319784802305852,1.27771280857048e-07,-4.50428965013111
1,-6.49743010877039e-05,7.34166554682017e-09,-6.04529116940791
1,7.12844325893269e-05,1.61917636851555e-08,-5.78042116823946
1,0.000344018443719973,9.01733110769625e-08,-4.42249201698064
1,-0.000130959267126122,5.36121109904303e-08,-5.17875202471889
1,0.00613525331062534,1.88937255250966e-05,-1.41016205360352
1,-0.000247955911384827,4.8357535573781e-05,-1.93576342400595
1,0.00153415943628719,1.11186285054826e-05,-2.56555676370441
1,0.00412169135740165,2.41318461128015e-05,-1.93195391387903
1,-0.000552128575210797,1.79948824824722e-06,-3.49725548491848
1,0.00606702115864189,2.74175839476367e-05,-1.54885622285364
1,-0.000205127627517344,4.02330333995379e-07,-4.2786590260007
1,0.000307322922700608,2.05504662685453e-07,-4.43705967657127
1,-0.000297861747449123,2.97953079712556e-07,-4.3322345661398
1,-0.000749601643712887,3.07567529571136e-07,-3.55177826398875
1,0.000136527757891902,1.3985256362078e-06,-3.70133677787854
1,0.000799338425740247,2.4560288930502e-05,-2.2621371040431
1,1.15722758370532e-05,2.39205312146045e-07,-4.59064676276116
1,0.000242193050637018,4.14625752193847e-07,-4.24516419924647
1,0.00108463380631005,1.19623624549187e-06,-3.29439843843944
1,0.00154688578295976,6.01512045779457e-07,-2.14083068117644
1,0.00147568987935131,2.48050227596056e-06,-2.98252404693649
1,-0.0020906842557403,1.30910280725728e-06,-2.07159018218346
1,-0.000528000170483819,1.3282377907903e-07,-3.83562484130479
1,-0.000167791784016877,3.87699004800696e-06,-3.19454969392544
1,-0.00191438206608385,4.36218967845217e-06,-2.71915209197245
1,-0.00134483533201361,6.56533202215872e-06,-2.79707133029635
1,-0.000204720784013004,7.36382452503265e-07,-4.00025590205738
1,-0.000205127631396822,4.02330333995379e-07,-4.27865902402275
1,-0.000637521042076459,1.04564589399796e-05,-2.68266567935416
1,0.000245684833972663,2.20740680326158e-07,-4.4943696249897
1,0.0019573552561289,4.02025611973628e-06,-2.70354537380436
1,0.000662853069107936,1.71886580097039e-05,-2.44080435230894
1,0.00120705221506143,1.81056477241851e-06,-3.17653699766989
1,0.00173089177969712,5.755557150349e-06,-2.74035822286643
1,0.000191275234602771,3.72330626048861e-08,-5.0296756892271
1,-0.00097985093296527,2.14538519379357e-06,-3.27028942173647
1,0.00029239026179321,6.54748428825941e-06,-2.92964109176206
1,0.00208725140943822,1.1792189169761e-05,-2.45726671894492
1,-0.000121974538276929,3.65418866414589e-08,-5.32678650830053
1,-0.00248266118097358,2.48468487688423e-05,-2.14531273611739
1,0.000599880675235419,2.5136148133355e-07,-3.85032639361534
1,-0.000392604351175892,1.01345677269483e-06,-3.79298088493039
1,0.000330357845592339,2.46678219179658e-05,-2.27074822218552
1,-0.000105382839505973,4.43243653947105e-08,-5.30854470734376
1,0.00153911632350708,4.66963464015608e-05,-1.9285124817012
1,0.000627819438661347,1.20219245927782e-06,-3.61970401700431
1,-0.000372361347257227,4.13585144362346e-06,-3.14910122554152
1,-0.00205901108650387,1.42128844729759e-05,-2.39949192389369
1,-0.00365616777570166,2.94877009596224e-05,-1.95706016927612
1,0.00103095436404353,4.98446455454272e-06,-2.9659292052405
1,-0.00024095924430484,4.8915922872088e-05,-1.93006519652645
1,-0.0021874862022994,2.25726373834475e-06,-2.40870065755581
1,0.000703837932431444,1.07812898086142e-05,-2.66382963320534
1,0.00466052738809722,2.12286335962274e-05,-1.83644936263688
1,-0.0020231834633341,4.3434058085438e-05,-1.94296769305064
1,-0.000294472878581526,4.81124721865536e-05,-1.93803827758665
1,-0.00361719868606696,2.34812298762909e-07,23.2606253383914
1,0.000478593037920288,3.29769467764155e-07,-4.08310085672043
1,0.00112428703079072,1.24035407040211e-05,-2.56576512126373
1,0.000106306587076488,2.38515452868675e-08,-5.50675851007077
1,-3.66904414669773e-05,7.24359695034083e-07,-4.03601453025904
1,-7.79365275895931e-05,2.4454102257757e-08,-5.60699487361007
1,0.000311860187075612,1.40498114373778e-07,-4.51087659626574
1,0.00576955545202415,2.91396091507543e-05,-1.61848360498735
1,-0.000971322594679516,2.14531902209808e-06,-3.27417621551578
1,-0.00184734736346231,1.47063557374388e-06,-2.52258479863961
1,-0.00129904687541505,1.39307903825556e-06,-3.10427102449303
1,0.0005093471835686,4.07706743718411e-07,-4.00615053776872
1,0.000520131684898714,1.4480496332471e-06,-3.59718711481898
1,-7.05888029112291e-05,2.12643964876857e-08,-5.68390823994816
1,-5.57767096265367e-05,1.25440656186635e-08,-5.94095944548732
1,-0.000609924024626354,2.4023185791232e-06,-3.36006626302602
1,0.00105348876424527,5.12398650490639e-07,-3.1270528229365
1,0.0003569060234045,1.85154110163811e-07,-4.37500466750481
1,-0.000147391526269068,3.66158610589464e-08,-5.23269606667463
1,0.000236606355882613,6.57401677543126e-08,-4.81094611952768
1,-0.00102685547991813,6.96262427566886e-07,-3.29951560595691
1,0.000736210424734737,9.63833652198818e-07,-3.61295658578985
1,-0.000131818219503231,1.97602760038727e-07,-4.64249131695897
1,0.000502940587211943,3.25158447737034e-06,-3.24724265182511
1,0.00328348489737047,1.61533615963822e-05,-2.15092999024463
1,-0.000350449322201455,2.28997888520873e-06,-3.43462317151132
1,-0.00122127164932405,1.40465276342426e-05,-2.50143097798882
1,0.000633295700062015,6.25344200141447e-07,-3.78976253705329
1,0.000440647935727502,1.45510482305824e-07,-4.17225887129106
1,0.0016322015787158,3.56332176333484e-06,-2.86654354978314
1,7.48534925919331e-05,2.2826493678765e-06,-3.46181446219544
1,-0.00162466292622755,1.98606729402549e-05,-2.31488822600373
1,-0.000328224668270995,3.43855355648144e-07,-4.25282500011714
1,-0.000279753267568394,1.55436573655845e-05,-2.5013663391428
1,0.000362462817911615,3.62351561929635e-07,-4.20199329239338
1,0.000878725511293774,2.40670262160895e-05,-2.26924697661487
1,0.000684903856345768,4.69522189926357e-05,-1.94614949364895
1,6.75471604942198e-05,9.89929059895445e-07,-3.87846663941645
1,0.000460003745622042,2.62923600608675e-07,-4.14125123497481
1,-0.00118122003429588,1.2950536262467e-06,-3.20773797145614
1,-0.000475751681269965,2.34354368967661e-07,-4.11827016215253
1,-0.000244453660383889,1.81157626255182e-06,-3.56211823644065
1,-7.78704232660238e-05,1.22764418086221e-06,-3.77069195291512
1,-9.51927701943785e-05,3.02611010038788e-07,-4.45839124505757
1,-0.000774019190005437,2.39631499861028e-06,-3.31373846526066
1,-6.71877722846732e-05,2.48931939383199e-08,-5.63161927963208
1,-0.000875634283365879,2.10832442046795e-05,-2.33328732918866
1,0.000249975261286398,1.43262868777608e-07,-4.62915988285899
1,0.000799338420124533,2.4560288930502e-05,-2.26213710422587
1,-0.00329034708024397,1.96121436540914e-05,-2.11162343279201
1,0.000373542982730092,8.09785701732966e-07,-3.89504786137175
1,-0.00105371366833387,2.07660976572058e-06,-3.24300405685779
1,-0.000984373530196485,2.16248040019311e-06,-3.26603596224517
1,0.000223307650111568,7.40133209334706e-08,-4.84059139216334
1,-0.000798108800331705,1.59925464333742e-07,-2.8007509632765
1,0.000283326023018179,1.42054409472618e-07,-4.56893734081085
1,-0.000764115881308663,5.37690351140229e-07,-3.64300091069549
1,0.00516815098907245,8.75322217900255e-06,-1.2652876526423
1,0.000930612299801825,5.42224457908168e-06,-2.95059538292794
1,0.00041484827804226,5.42658473665164e-06,-3.01419813740218
1,-0.00255941001024676,7.83578664154194e-06,-2.42836833189474
1,-0.00134329288074658,1.16639980043225e-06,-3.0252426576678
1,-0.000138422084263372,2.54279526903612e-07,-4.52269432051906
1,0.00137215959082908,1.62088107276245e-05,-2.42485247658899
1,-0.000784194766606985,6.76447177097216e-06,-2.87441282784664
1,-0.000882953183258024,4.66885455144854e-05,-1.94561172110517
1,0.00172955685707897,3.95566747765609e-05,-1.99903178350159
1,-0.000252026770286977,2.27215581023323e-07,-4.4768645383579
1,-0.00622789373336693,1.73155168705192e-06,7.59877067232556
1,-9.48057306394103e-06,6.65460383586411e-06,-2.92804894602537
1,0.00148384193756908,7.18017115976533e-07,-2.50809986340103
1,0.00494473569062766,1.86653365335049e-05,-1.7574076930538
1,-0.00187242136030616,3.50462926607831e-05,-2.04735623212504
1,-0.00482012412097553,1.22187911659816e-05,-1.67349044159144
1,-1.24281968500805e-05,2.78085389679368e-07,-4.51534596705695
1,0.00279043812209326,2.9621753354987e-05,-2.05002277549019
1,-0.00019890051981882,1.10873577929465e-06,-3.80625916810205
1,-0.00651808510079237,3.81142036820472e-05,-1.49807281226127
1,0.0050031900155663,4.2447976736733e-05,-1.7067165486556
1,-0.00491301126087877,2.64967352305412e-06,1.16634838703516
1,-0.00136357422823784,2.59036508124583e-05,-2.21262876867871
1,0.00231328909124532,7.25157430851491e-06,-2.51612537073499
1,-0.000471825437763549,2.35933201493622e-07,-4.12602896315321
1,-0.00068243481027852,4.74793878307516e-07,-3.7577058867925
1,-0.00114320232954226,4.12908503832205e-05,-1.99956401249428
1,0.00384726511416639,4.33045765785651e-05,-1.82068163777899
1,-0.00727471629659086,1.16165090929453e-06,18.9777826959573
1,-0.00454378689050353,2.22034361829895e-07,41.864630418415
1,0.000450280610990926,2.37613363207102e-07,-4.16762139124497
1,-0.00334819858557293,1.90441130447142e-05,-2.10800308437364
1,0.0054671271221155,3.55228374382021e-05,-1.66991432889157
1,0.000360591234470978,2.4282696049803e-05,-2.27815082058193
1,0.000431137882992719,4.84406244106287e-05,-1.93362211925068
1,0.000351357837940123,4.88639520057159e-05,-1.9299269615753
1,-0.000602837034906865,4.89796747881226e-05,-1.92629762451302
1,0.00382322381228685,1.96422274228517e-05,-2.01478725985841
1,-0.00198575612158791,2.99311254047526e-05,-2.1103890130232
1,0.00124319902668747,2.4157105753488e-05,-2.25143145004743
1,-0.00147995150294211,4.02744289548725e-05,-2.00066013359576
1,0.00354207181756186,2.88333709070158e-05,-1.97737830569774
1,0.00212886881144324,4.66956689206505e-05,-1.90535658414944
1,-8.53159582077017e-05,3.88404548158533e-05,-2.04588528187409
1,0.00195386308225155,1.51497928800886e-05,-2.39072223674796
1,-0.00738480685779786,3.30694646233323e-05,-1.30184715587148
1,-0.00163545535506866,3.43835193583906e-06,-2.86926108153008
1,0.00259718536295246,7.30854749575005e-06,-2.41971644790031
1,0.00681424652093922,2.75980431778401e-05,-1.37558323145376
1,-0.000475876476523092,4.91189590536654e-05,-1.92628241033692
1,-0.000553035675182026,4.92990053429603e-05,-1.92365623343346
1,-0.000396946653117248,4.55162625403591e-05,-1.96494443674732
1,0.00282446137440921,2.22707272370792e-05,-2.14496893197102
1,-0.00216593780267658,1.70866333479667e-05,-2.31928248907759
1,0.00527179184093835,1.68730800562971e-05,-1.63929631148628
1,0.0030720554656393,1.68798830799028e-05,-2.18309940729839
1,-0.000235724780369279,8.73104016802955e-06,-2.78908579932076
1,0.00565568720466542,3.07080021269961e-05,-1.64262665880822
1,-0.000105438091799922,3.83372208903908e-05,-2.05235454329965
1,0.00177029959735981,2.55846706683304e-06,-2.79353758181397
1,-0.00890396854766584,2.28632496243265e-05,-0.577143632927415
1,0.000555575246738546,3.55382269469097e-05,-2.08606299176279
1,0.00598137604916423,1.22038679458344e-05,-1.159033679837
1,0.000488935667063501,5.22036191773141e-06,-3.02653009712893
1,-0.00600486586012702,1.7453990885819e-06,6.73234282589185
1,0.000419364315182957,1.05702301426832e-06,-3.76479242158958
1,-0.00438608658309115,4.02553744223669e-05,-1.7891419756877
1,0.00408502203938289,1.80379559498283e-05,-1.96690742087661
1,-0.00105089099487539,1.01036036849314e-05,-2.66461170422368
1,-0.00369109684617338,1.09591066967921e-05,-2.05703232536598
1,0.00443211710958212,5.89666651745542e-06,-1.32285834608062
1,0.00881204933079294,3.01032250249779e-05,-0.883628318164712
1,0.00170809845417401,3.99908669875832e-05,-1.99490627557183
1,-0.000436208880620542,2.33256426741548e-05,-2.29685477621119
1,0.00260215098189461,1.3219708901057e-05,-2.32875367875447
1,-0.000171467889547367,3.85122117354871e-06,-3.19769788527078
1,0.00163149025724885,1.78304531424761e-05,-2.36061538402149
1,-0.000499419569609476,4.63004884506232e-05,-1.95544041352334
1,-0.00278158851242092,3.35723870136357e-05,-2.00362608305194
1,0.00199382890593253,4.09507608549724e-06,-2.6854353569025
1,-0.00020629191693069,2.50096627368203e-05,-2.26522823188863
1,0.000954527395184313,4.90404464599799e-05,-1.92009796123613
1,0.00313669492334938,9.10898237373051e-06,-2.23101631123958
1,-0.000800855848668992,3.15006146506292e-05,-2.14052635182015
1,0.00100795077795721,4.39068917954255e-05,-1.97310497538843
1,-0.00288020549956484,1.8725558755484e-05,-2.18926117142264
1,4.71658627282221e-05,4.9497046763626e-05,-1.92473118451688
1,-0.000121570504252164,4.29801038723853e-05,-1.99516957309687
1,0.00157431271881095,3.80587980839284e-05,-2.02358307832836
1,-0.00368657603829308,1.68737377133115e-05,-2.06010917855252
1,-0.00264516688733277,2.35019911678566e-05,-2.14830981868658
1,-0.000488686756230671,7.09124904323666e-06,-2.87944071859127
1,0.00183944731113557,2.39563190888231e-05,-2.21697459587923
1,0.0015096759108175,9.3858823404311e-07,-2.69327730816363
1,-0.00214894748589087,3.70450161073607e-05,-2.00731400902484
1,-0.00304228247277361,2.77471513117586e-05,-2.04736099604926
1,4.19088058981733e-05,4.86577569632572e-05,-1.93328649191294
1,-0.000823638403839213,1.05434318216113e-05,-2.66578786495238
1,0.0011896862978452,3.81187588496915e-05,-2.03679184827801
1,-0.000201156727013484,1.06592572038414e-05,-2.69059772234894
1,-0.000236066741649818,4.02931942366285e-07,-4.26105145913772
1,0.00518094635921779,1.00146635937157e-05,-1.38353984633228
1,2.86410796227035e-06,4.97547694807532e-06,-3.07344871813738
1,0.000274972330476314,3.84290643667002e-05,-2.05031937326875
1,-0.000761328827185906,1.11339958244686e-05,-2.64467924207285
1,-0.00166943341160118,3.08896756025642e-06,-2.86066881874821
1,0.000387069432539965,2.36592753782888e-07,-4.27979182505632
1,0.00146948649123097,4.65616365458211e-06,-2.87472906620435
1,0.00494125426929648,1.03032381145496e-05,-1.52461113127101
1,0.00131920852032326,4.76412247098174e-05,-1.92559617358716
1,-0.000151158023661604,2.41772389728574e-05,-2.28253180784448
1,-0.00114803186829016,4.69018992576547e-05,-1.93763071437181
1,-0.00132052772748746,1.3042449545799e-06,-3.07439112186634
1,0.00493848380802004,4.35366491842388e-05,-1.70881560224725
1,-0.000281442412061062,4.53195199145522e-05,-1.96796733441499
1,0.00109464600844097,1.82568802718867e-06,-3.24656778018204
1,0.00306514279151456,4.36410090741579e-05,-1.88007078618938
1,0.00367687383058523,3.09457472744434e-05,-1.94115522657401
1,-0.00413434817747427,2.7289244453211e-05,-1.90928486733431
1,0.000396089301220197,4.66188144208766e-05,-1.95302540398464
1,-0.00017381468490948,1.82324544365365e-06,-3.56711599721868
1,-0.00211634004212684,4.44700908734181e-05,-1.9279432243842
1,0.00168997870271468,5.77510057024302e-06,-2.75166147776543
1,0.000361810632131028,4.80993914996969e-05,-1.93771460068091
1,-0.00439022553455542,1.30555272121412e-05,-1.85294650014576
1,0.000203574141617953,3.74625378853118e-08,-4.96479876952685
1,8.3039150827239e-05,7.79268908874646e-06,-2.8486747270985
1,-0.00151718945947296,4.22702430725174e-05,-1.97644053070038
1,4.29007630641635e-05,1.24189588629016e-06,-3.76664958944258
1,0.00047321736764975,3.0058016800131e-06,-3.28818759490022
1,-0.00377229837796825,3.15862339411372e-05,-1.92408938637317
1,0.0019653035662065,4.82774840139166e-05,-1.89722524659959
1,0.000194773684436034,4.93125351254319e-05,-1.92623634788521
1,-0.000574395400533386,4.55290352027761e-05,-1.96291173752244
1,-0.00295065588594485,1.4413287931055e-05,-2.23960906485813
1,0.00371276299961271,1.15475756182027e-05,-2.05561079665367
1,-0.000503419323724466,3.89204037833457e-07,-4.02195990120569
1,-0.00122689661537409,2.11174294422426e-06,-3.14554743307366
1,0.00252686106619476,3.54434506599462e-05,-2.00166747924694
1,-0.00177145186758803,4.06739218398694e-05,-1.98434098891439
1,-0.00258426136976388,7.3269843481006e-06,-2.42418766368274
1,-0.000206642693875923,2.92595297256231e-06,-3.33160307132031
1,-0.000175415082396923,1.59739884980029e-07,-4.69650017308278
1,0.000575730629333755,1.37530651911608e-07,-3.66260300026959
1,-0.00225867068529222,1.52978023689502e-06,-1.9957212715225
1,-3.71625733124678e-05,7.25993548073751e-07,-4.03486608601572
1,0.000789378012718078,3.34534222248525e-06,-3.17879353843168
1,-0.000955097512922531,2.51036441579593e-07,-2.74989862585364
1,-0.000284691132363663,3.2223133885419e-06,-3.27808416787187
1,-0.0038223864788675,1.0859548658315e-05,-2.01047849967661
1,-0.000807473772344467,7.61823386987935e-07,-3.58380060070125
1,0.000135678121003004,6.92004526491406e-06,-2.90716891556422
1,0.000968784591807111,4.03029057636952e-07,-3.16572128687796
1,1.99740939229882e-05,6.59054182362298e-07,-4.08388224484212
1,-0.00201945155014214,2.59229417121549e-05,-2.16948622501138
1,-0.00130187989880456,1.28347384548988e-06,-3.09065003325713
1,-9.59457710736529e-05,4.45555545081273e-08,-5.32791474680085
1,0.000741681881155156,4.64095326991123e-05,-1.95103121978368
1,-0.001485208879024,2.17063633439116e-05,-2.28609639907751
1,0.00359633463427631,3.58432967078849e-05,-1.90571288572881
1,0.00147442082177672,4.48323192702617e-05,-1.95000054095985
1,4.06126485880329e-05,4.94957488588385e-05,-1.92475010594813
1,-4.24737557812325e-05,4.05163875892397e-05,-2.02483463508477
1,-0.000300361502719187,7.92518510713878e-06,-2.83499552816672
1,-0.00484315971927366,3.13598223198247e-05,-1.77896155833067
1,0.00247529467415717,3.31478369727542e-05,-2.03280086135448
1,0.00205719472435066,4.70572527780752e-05,-1.90506062408199
1,-0.000191190270212817,4.92834736031769e-05,-1.92654490637548
1,-0.00105417936869333,4.91675203542455e-05,-1.91679243480004
1,0.000972253484209312,4.36334910775798e-05,-1.97696565008479
1,-0.000265170286672703,4.93894831969777e-05,-1.9251295599176
1,0.00117306135684255,4.44061278175954e-05,-1.9635272445095
1,0.00109539637647753,4.25805344717644e-05,-1.98592186231686
1,-0.00276625961383831,1.9209324465367e-05,-2.19883314609707
1,-0.000506516056964675,1.16267859476081e-06,-3.69001612299741
1,-0.000497407570433483,6.69625884331072e-06,-2.90646159690645
1,-0.00123231991304192,1.04294673476735e-05,-2.63058863331054
1,0.000771522565785345,7.27546389420128e-06,-2.84254852870131
1,-0.00163908380473151,2.04656510996805e-05,-2.30069949479036
1,4.52251451984169e-05,3.44727842393026e-05,-2.10559541930284
1,-0.00229942139557226,4.28903203179555e-05,-1.93474917415982
1,0.000241106176914862,4.91778687619354e-05,-1.92739726964987
1,-4.36174204773932e-05,6.66045594836318e-06,-2.92747336951355
1,0.00185199054964105,3.48081717564023e-06,-2.75939503881878
1,0.0013169948365274,8.88385142765506e-07,-2.95868947902556
1,0.00198823276890349,6.9095449389437e-06,-2.6231996670261
1,-0.00101713461389265,1.31408912646646e-05,-2.5484814841486
1,0.00504368440117947,4.38858116544096e-05,-1.69508573245877
1,0.00266452051674552,1.9611244618409e-05,-2.20664843304521
1,-0.00087373960181267,3.79550624848452e-05,-2.04745180841278
1,-0.00132185202110381,4.46646751412387e-05,-1.95655857853797
1,-0.000104202686700546,4.02124114302413e-05,-2.0284873044154
1,-0.00267905561479662,3.12189438253876e-05,-2.04024595527467
1,-0.00443118710612622,1.53031529427243e-05,-1.87013256087184
1,-0.000163300559030577,4.91803405225553e-05,-1.92769206442703
1,-0.000449238664017343,4.92848209232869e-05,-1.92485464968064
1,0.000371348049669599,4.94454158152686e-05,-1.92388102415358
1,-0.00421697703251397,6.09285113277016e-06,-1.51282747364658
1,-0.00108074552922875,3.34347754354093e-06,-3.09753436908466
1,-3.32980949285551e-05,2.32542376068418e-05,-2.30244263091374
1,0.000937134981768071,2.77794620021786e-05,-2.19775463747695
1,0.0039014480097847,3.28490064145233e-05,-1.89806361214383
1,-0.00457940757347695,2.54000147610686e-05,-1.84552107891372
1,-0.00125706035785519,1.65124765697869e-06,-3.14645768155148
1,0.000176144220439325,4.64802791400164e-07,-4.22540490297033
1,0.00036428387199747,1.13717821621917e-06,-3.75308780732183
1,-0.00155240372231995,4.12406694541117e-05,-1.98677950104967
1,0.00285129787504443,2.78750424502103e-05,-2.06601671071119
1,0.00540527438992634,3.65116403917447e-05,-1.67678944057784
1,-0.000874322931095031,4.89787046087445e-05,-1.92221355237381
1,-0.00144232261534371,4.80203666007262e-05,-1.91823700343648
1,0.000400735680486384,4.81128354597135e-05,-1.93726678461101
1,0.00051662379263924,4.81192204159593e-05,-1.93609599334532
1,0.000888450493096305,4.84500942788291e-05,-1.92729706592536
1,-0.00172385932149365,4.85732417690767e-05,-1.90358396635813
1,-0.00526102223311941,1.3267564413653e-05,-1.53996551887726
1,-0.00140903250890996,9.20493378053733e-06,-2.65799749820712
1,0.00228170828348214,4.13603384632011e-05,-1.95161193572818
1,8.16016993347265e-05,7.87441319751914e-07,-3.9909652245224
1,0.00335389373284789,2.27335574041263e-05,-2.06638823661814
1,-0.000106263308103363,3.34985750130257e-07,-4.4056895174104
1,-0.000654705313925463,1.35964417143417e-05,-2.55504318733129
1,-0.000737201851178107,3.57032295367318e-07,-3.62958586936275
1,0.00578632159940341,4.39636663994368e-05,-1.60324216448591
1,-0.00329937348385736,2.10807697990489e-05,-2.09333533002962
1,-2.43226142992863e-05,7.40328581609125e-07,-4.0256411957765
1,-0.00141014849582153,1.63668645415619e-06,-3.02189017052674
1,0.00334133757045389,8.09737250538307e-06,-2.14054778411851
1,0.00327783368628194,6.34679541151152e-06,-2.10530848771562
1,0.000469777094502658,9.18716597932406e-06,-2.75479560101701
1,-0.000731638767519117,4.92126927713942e-05,-1.92219578360647
1,0.000577833501978797,3.49732573196058e-05,-2.09364478684235
1,0.00110084818511083,2.0740514363931e-06,-3.21880857321226
1,-0.00330026098492538,6.41275796674542e-06,-2.09734248357228
1,0.00209088343554042,4.51696822628385e-05,-1.92210409482919
1,0.00388340126584085,4.35518547988408e-05,-1.81559781251832
1,0.00184637701821578,3.38859810879257e-05,-2.06390683186886
1,-7.22386303508307e-05,4.92273979680018e-05,-1.92743198788856
1,0.000186164321602537,4.94640738361086e-05,-1.9247365209605
1,-0.00277002702206505,1.53598027304713e-06,-1.16335615164751
1,0.00493773943387774,2.03539970719113e-05,-1.77014072473585
1,-0.00131370396180353,1.90957471539143e-05,-2.35578878984883
1,0.000162845694101348,3.2204605682054e-05,-2.13924369953884
1,-0.0017298411367391,1.80172600882282e-05,-2.34700384827711
1,0.00107159156138888,1.08903370436031e-05,-2.62905077810129
1,-0.00154895166634281,1.76088075482722e-06,-2.91153855513924
1,-0.00105563638426854,1.78389733880275e-06,-3.2739690234443
1,0.00111086489086887,5.32857053223027e-07,-3.03253263698562
1,0.000107588209493554,4.10631507096822e-05,-2.0180136443513
1,-0.00179952054251421,4.76990963997981e-05,-1.90930911596687
1,0.000650720282334553,4.87005008042992e-05,-1.92851814664769
1,-0.000453832036001511,8.93128946464394e-06,-2.76939932243183
1,-1.35139921328753e-05,4.40745052756273e-05,-1.98276733636079
1,0.000522375210594025,1.7666948253305e-06,-3.51392713842517
1,0.000929477168974347,2.50256740461723e-05,-2.24849820016524
1,0.00213220755663778,3.28736214445715e-05,-2.0602265971681
1,-5.47382213901134e-05,3.86929250629426e-07,-4.34659500734068
1,-0.00097155620957165,4.44568683415752e-05,-1.96783427687736
1,0.00341852821373835,1.64846627373727e-05,-2.1200341007034
1,-0.00192650941103293,2.93538275056361e-05,-2.12277969902614
1,-0.00655262281100716,1.18206165142576e-05,-0.824602029923586
1,-0.00331807540659187,2.72123137954972e-05,-2.02158414635452
1,-0.000641966586665304,1.49517090602662e-05,-2.50951561530087
1,0.000182898141884051,7.20428871458598e-07,-4.01644791550577
1,-0.000837064212872603,3.13483811513188e-07,-3.33814985641973
1,0.00334216683559515,1.87956144282957e-05,-2.11175248615577
1,-0.000560353288753991,1.96059736119802e-06,-3.45900899245626
1,0.00181994345200389,4.41721579719182e-06,-2.75803660286646
1,0.000935121490685109,1.55256909917685e-08,22.2031186793547
1,-0.00232829152300202,4.64877974330449e-06,-2.52435784690974
1,0.00320081398986574,2.31347930757871e-05,-2.08361703231697
1,-0.0032088756349382,3.15246543026394e-05,-1.9870104398121
1,0.000259346978609172,4.6730680645113e-05,-1.95279003409725
1,-0.00339320031938765,1.35887949169169e-05,-2.1474365580443
1,-0.00524416367428683,2.9515780957896e-05,-1.71737391789361
1,-0.00147514572551466,5.24406063295508e-06,-2.83968404940735
1,0.000455942247625391,3.9307492772527e-05,-2.03735825976704
1,0.00415703161825183,2.74506657245336e-05,-1.90475187562652
1,0.00189320119332551,6.33642845439523e-07,-1.27558717586276
1,0.0011987746392164,1.99180871124716e-06,-3.17044596450811
1,0.000197122448785655,1.20346483357027e-06,-3.76696386952167
1,0.000182533755574074,7.24512309214257e-08,-4.95819304159595
1,-0.00185478928903603,3.88287638709602e-06,-2.75442014267126
1,-0.000558248228626543,3.94278253116144e-06,-3.15024635922956
1,-0.00386722104389581,2.40777747692141e-06,-0.330714258414017
1,-0.00130823797829012,5.76313021545982e-06,-2.85148392369835
1,0.00522573268932669,2.84382401835739e-05,-1.72170967464051
1,-0.00156044727789458,4.79826972352545e-05,-1.91491623897562
1,-0.00166763726035353,4.39734745992424e-05,-1.95229536372054
1,0.00147159015817992,3.71208093485919e-06,-2.92822064269389
1,-0.00203609660975272,1.8055759239563e-05,-2.31417539581675
1,0.00270664707063798,4.22736488828807e-05,-1.91697919813236
1,-0.000890450438095525,3.62496316755767e-05,-2.06955885949601
1,0.00320373047251015,1.78447944920518e-05,-2.14726647998152
1,-0.00232411515733477,4.13670571614177e-05,-1.94918014432599
1,-0.00176202400961601,3.41341430404607e-05,-2.06508274303476
1,0.00209029955242628,3.6470185777009e-05,-2.01755954010039
1,-0.00123695685477008,4.84407801670959e-05,-1.91974602620664
1,-0.0044229266509531,2.83617123273734e-05,-1.85831883929007
1,0.00217910934695618,4.61219202646581e-05,-1.9085881124921
1,0.00172822899938192,1.48007875512066e-06,-2.67067043340766
1,-0.00123756840962557,1.09034839466377e-05,-2.61093566535026
1,0.000988353221514869,2.37008722689158e-05,-2.27234650948736
1,-0.00752362323265256,4.22500264242844e-05,-1.3340275384747
1,0.00168534728708842,2.6322417040604e-05,-2.18654576651423
1,-0.00106903990506138,5.83973535483825e-06,-2.89551655445579
1,-0.00371299068296352,8.86048492134828e-06,-2.00694410183151
1,-0.00162175593742434,4.02861882566961e-05,-1.99506321070791
1,0.00385360789637452,4.12801331001359e-05,-1.83564732229868
1,-0.0029487232392572,2.49553301499899e-05,-2.09295579027096
1,-0.00113414092653884,2.63189340679684e-07,-2.09951923200073
1,0.000337851915150451,1.39279324723123e-05,-2.55466432101939
1,0.00106779171670466,1.12221389216374e-05,-2.61596546341998
1,-0.000838023344983491,2.67801825770543e-05,-2.21876708814399
1,0.00253247198017646,3.48162356703739e-05,-2.0085644625498
1,-0.000863301940342672,1.78217081542734e-05,-2.4145919046569
1,-0.00193444889925171,5.69734790129833e-06,-2.67730323387355
1,-0.000783213103138268,3.52692793357312e-05,-2.08550772849233
1,-0.00272638568420286,3.96074060063472e-05,-1.9423663796745
1,7.98960571629718e-05,3.27923388067611e-06,-3.28093194535576
1,-0.00270696981811174,7.28462516057031e-06,-2.37987159786004
1,0.000988029697176224,2.93183012112354e-05,-2.16995584206072
1,-0.00121036433851002,4.73864048289856e-05,-1.93108464674172
1,9.23821057638918e-05,4.53648950510577e-05,-1.96824681087485
1,9.67495386680483e-05,4.92713596129284e-05,-1.92694368532958
1,0.000304687862875537,3.08140424080038e-05,-2.16021853584188
1,-0.003888882405267,1.65506843917495e-05,-2.01561483210136
1,-3.18680453322556e-06,2.3579468097367e-07,-4.59808554913001
1,0.00359710146741587,3.01143525173544e-05,-1.95837579233183
1,0.00205677560860426,7.3760141069427e-06,-2.58983113591432
1,0.00257199302276101,3.02631084085812e-06,-2.22909869240806
1,0.000861052623929646,4.51881007520138e-07,-3.45251679058916
1,0.000537848973715168,2.68834120888413e-06,-3.32744500712217
1,0.00436653653776115,3.81174428459922e-05,-1.80527027425733
1,-0.00462469682100567,1.16202369997754e-05,-1.7290527614753
1,-0.00380065401431808,2.56105616066579e-05,-1.97219575443794
1,0.00319545644638552,4.18175793449533e-05,-1.88696264742615
1,-0.00115226553458345,4.10642768845382e-06,-3.00777029787238
1,-0.00067735071251782,3.87937981477603e-05,-2.04066659610487
1,-0.00142088340977725,2.23335121567974e-05,-2.27746688294042
1,0.00193016853248739,2.07381689097408e-06,-2.61277957406543
1,-0.000760088031252334,4.08797444706747e-07,-3.61635189447655
1,-0.0060936525245908,2.79448521082597e-05,-1.54620293499788
1,-0.000364999186445757,2.42310681789126e-05,-2.27914330943417
1,0.00211774127125327,2.17662065384833e-05,-2.23250812462008
1,0.00030527768229074,9.59002576640994e-07,-3.84805165225411
1,-0.00124172735991148,7.82790824458454e-06,-2.74837597899513
1,0.000465434421812117,6.23473728680818e-07,-3.93820687541754
1,-0.00286409918684146,2.64470771422251e-05,-2.08305282349791
1,0.00589719907151746,4.17683378636638e-05,-1.59333322066721
1,0.00140875608385146,4.74351249861403e-05,-1.92510963507414
1,-0.000737928792161324,4.89736604516829e-05,-1.92450934621006
1,0.00101764268231282,1.98038191072945e-05,-2.35662637152908
1,-0.000450232828073503,3.58616983607901e-05,-2.08304897720176
1,-0.00253273451997947,4.01857947344517e-05,-1.94913979750438
1,3.91738192431678e-05,9.99079187382903e-07,-3.87540277715005
1,0.00372605934952532,4.03682373799932e-05,-1.85472760632963
1,0.00358398348375425,2.1720317765385e-05,-2.04089664782564
1,0.000375648642027189,2.66094259879989e-07,-4.27250851974934
1,0.00475098051517622,2.51989293715829e-05,-1.81443688862346
1,-0.000885639911276996,4.37117629766855e-05,-1.97792960580553
1,-0.00238645983886409,3.8321338894279e-05,-1.97839836856183
1,-0.00356092578875235,1.47897482737717e-05,-2.10006120973361
1,3.50165093488058e-05,3.08859869954017e-07,-4.46115898884469
1,-0.0054915313225356,2.52216902903552e-05,-1.66402104538373
1,-0.00447575782110726,1.44048549882092e-05,-1.84659221801216
1,-8.84040910184985e-05,2.71673659650762e-06,-3.37455611165389
1,-0.00014565957271124,2.02235364222455e-07,-4.62241621304866
1,-4.16284135518495e-05,3.00714117036478e-08,-5.59898683500555
1,-5.19572947113832e-05,6.03583822631772e-07,-4.12590906057415
1,0.00437927360349118,3.782154659797e-05,-1.80573745791702
1,-0.000121752538096366,5.5028995015342e-06,-3.0217256950066
1,-0.00390752724960237,4.88391681852891e-06,-1.51956796401084
1,0.00233210149559734,4.16559329463431e-05,-1.94570707123092
1,0.000628347078883783,4.8930431012729e-05,-1.92647589884219
1,-0.00069332107622288,2.68202951306101e-05,-2.22216933152707
1,0.00293557816363417,4.02235684682398e-05,-1.92136209330081
1,-0.00318471275209906,4.29690341502616e-05,-1.87745048031337
1,-0.000588920733378629,4.4210304755188e-05,-1.97730873439629
1,0.00025640824200658,1.50235169356561e-07,-4.60467929210487
1,-0.00115747684349989,3.29862923073649e-06,-3.07587948133271
1,-0.00115206923297783,6.88107688366978e-06,-2.81487956938698
1,0.00100065714578353,1.72297717442958e-05,-2.42333306879679
1,0.0044013699650348,3.34686691551048e-05,-1.83099942976023
1,-0.00460888757086436,3.48549963859912e-05,-1.79539455697633
1,-0.00335151242210242,1.97622086020555e-05,-2.09962958893319
1,7.9824106933671e-05,4.85684426238275e-05,-1.93415756734509
1,-0.00209424429724046,1.14116699880223e-05,-2.46622637453309
1,0.00329363417783799,5.51496023461573e-06,-2.0384689346131
1,-0.000837112110220811,3.0077660828448e-06,-3.20862012026405
1,0.00052773798376651,1.44076787243102e-06,-3.59646964004784
1,-0.000688470902158636,4.60206111863868e-05,-1.95601569578882
1,-0.000415326144193016,4.54214153013771e-05,-1.96581947386765
1,-0.00111753564993982,2.95721913492608e-05,-2.16117705675387
1,-1.20303485207664e-05,4.87698715504755e-05,-1.93215230821301
1,5.83124035506949e-05,4.17078980162672e-05,-2.01032414041032
1,0.00217965834480296,1.23876147431289e-05,-2.42560107447985
1,-8.30178630229969e-05,4.02954272373144e-08,-5.3959508408572
1,-0.00048942533067984,5.58738495497242e-07,-3.95239168687103
1,0.00256104489584466,6.35162088088188e-07,1.06056268118934
1,0.00139947619697267,3.27061224423372e-06,-2.98380764704582
1,0.000399182298848908,2.91522861374649e-07,-4.21872839321968
1,0.000260409769133082,4.86967940851379e-06,-3.07723330331608
1,-0.00350581163862515,3.21530429098837e-05,-1.94932827618057
1,0.000337405596496092,3.40743216954351e-05,-2.10976762105696
1,0.000536299850086398,4.9006335693845e-05,-1.926800871849
1,0.00328029999040831,4.72324649713267e-05,-1.83426082216272
1,0.00365875603663241,1.11838987196043e-05,-2.07000080678775
1,0.00252801518692318,2.28003732366564e-05,-2.17217354546314
1,0.00257697384154403,1.66333833536297e-05,-2.27038182808904
1,-0.00100246689903543,1.1543489985709e-05,-2.60912091442304
1,0.00139301867588303,8.48526422233626e-06,-2.69219928992998
1,0.000133364608800928,1.57024967756427e-06,-3.64442937306642
1,-0.00130294457832112,2.70209783180142e-06,-3.06455768588329
1,-0.00224757623711811,9.15364882315353e-06,-2.49270024921599
1,-0.00240263080730933,4.36318125001315e-05,-1.92166522246405
1,0.00185992587946107,2.64397076871327e-05,-2.17285757063648
1,-0.00137710249176068,1.01620014921365e-05,-2.62307350516462
1,-0.00182647429326285,3.83939310072292e-06,-2.76860825726352
1,-2.42917554870624e-05,2.70824769645844e-07,-4.52776236660276
1,-0.00171732474621182,7.28511360923787e-06,-2.68038058220705
1,-6.79691336144639e-06,4.94084829457993e-05,-1.92564862796729
1,-0.000520680093322703,4.91897595818821e-05,-1.92511169461934
1,0.000309543990057671,4.71837127046335e-05,-1.94767041229852
1,0.0027440447966838,7.48268447096496e-06,-2.36626726211043
1,0.00150972944066667,3.83065024201614e-05,-2.02314972950459
1,0.00220777536488561,3.31013888824493e-05,-2.05229614117052
1,0.000270816723913938,1.49852050611468e-06,-3.64899964444718
1,-0.00138924198400668,2.68132927195266e-06,-3.02265895745283
1,0.000528351822657406,1.65723607698891e-06,-3.53891130001157
1,0.00276705592747086,2.43808852335119e-06,-1.85989779993718
1,0.00212935032577235,2.10253090550964e-05,-2.245021114967
1,-0.000477609333317688,2.93738323680223e-06,-3.29812170282744
1,0.00132601131556198,6.868198880741e-06,-2.78425578135464
1,-0.00255787570519287,9.56715619181222e-06,-2.40460522399104
1,-0.000700235352296438,3.16437468961599e-05,-2.14069222753713
1,-0.00215399692730906,4.12853540786201e-05,-1.95926559072234
1,-0.00137692032896141,2.5907149386695e-05,-2.21186020470831
1,-0.000539177732480282,3.60533171940294e-05,-2.07917901770174
1,-0.000460383540967755,4.02914244409898e-05,-2.02501058375432
1,0.00179983874912223,4.45946897971424e-05,-1.94058207862505
1,-0.00046092537042207,4.87683895165613e-05,-1.92999081115615
1,-0.00363656110723463,4.2269060744298e-05,-1.84724917050149
1,0.00355481721091776,4.04049627513114e-05,-1.86985794398015
1,-0.000294472878607233,4.81124721865536e-05,-1.93803827758649
1,-0.000167984975964938,4.22383065994117e-05,-2.00371234112152
1,0.000472180664165494,4.12971347503856e-05,-2.01261420419121
1,-0.000699631661378561,4.61500477799709e-05,-1.95445797706988
1,0.00458811543393972,4.45812030967675e-05,-1.74095894704052
1,-0.000169238630613937,4.42892105266923e-05,-1.98001626497346
1,0.000204911852014923,1.18097402767744e-06,-3.7747631687135
2,0.00106409656287537,2.92845640610376e-09,186.337425783702
2,0.00368605127842105,1.63317454967146e-05,-2.26077127600923
2,-0.000738354607677915,3.19071304899991e-07,-3.79016162644979
2,0.000183767694855154,6.44526893508176e-08,-5.18222730463978
2,1.37214917500715e-05,1.14423462133565e-08,-6.30028469371601
2,0.00051120421047194,1.27743127014783e-07,-4.07928977551055
2,-7.73878242490798e-05,7.34148281391884e-09,-6.1225229683272
2,-1.05433857423279e-05,1.61913985812849e-08,-6.1314996714599
2,-0.000197605738053997,9.01584597273497e-08,-5.05983592050158
2,0.000406889631580047,5.36072380524957e-08,-3.99214373693339
2,0.00370126325083399,1.82755783946131e-05,-2.24571271250811
2,-0.000412251915982279,4.45242216717086e-05,-2.17336968125494
2,-0.00142766010353952,1.09023062391619e-05,-2.7853314630356
2,-0.000668646924541356,2.31344863785273e-05,-2.49296985606108
2,-0.000817075469878064,1.79373965333565e-06,-3.59504846855608
2,-0.00397859072978726,2.61337703755828e-05,-2.13883147981793
2,-0.000652143599812175,4.02042055099877e-07,-3.99998026110555
2,-4.60400539522051e-05,2.05429042491255e-07,-4.85946301428198
2,0.000965170884543949,2.97799630304498e-07,-3.11489896810818
2,0.000260791218862469,3.07400044667418e-07,-4.55247286227259
2,-0.00129302528851307,1.395046614871e-06,-3.30759852221632
2,0.00176012165838891,2.35286724571224e-05,-2.42834982566846
2,-0.000256104643155856,2.39108128784091e-07,-4.65155992936944
2,-0.000809843538437743,4.14305308856145e-07,-3.72236943160847
2,0.000271921223714376,1.19367501724219e-06,-3.95380442514975
2,-0.000518452464706214,6.0083624188414e-07,-4.10432893691095
2,0.00122290661406325,2.47088495197026e-06,-3.31838221434616
2,-0.000145071952289626,1.30601520478722e-06,-3.93174726488351
2,-3.46318701235044e-05,1.3279297384615e-07,-5.07826093538333
2,-7.83096815425567e-05,3.85044729540783e-06,-3.39840390063851
2,0.000237861157022216,4.32854331809564e-06,-3.33414390406722
2,-0.0024243503227373,6.48964581993767e-06,-2.68535614199135
2,0.00173423999264168,7.35445010715667e-07,-2.18219416984615
2,-0.000652143598309613,4.02042055099877e-07,-3.99998026354283
2,-0.00254200168217338,1.02655908122442e-05,-2.59416638715188
2,0.000100737833184553,2.20654640897595e-07,-4.8058776784356
2,0.000882612883074691,3.99135699840218e-06,-3.28364270129311
2,0.000997885778089908,1.66781888634225e-05,-2.63639133804721
2,0.000639497614966521,1.8047336172685e-06,-3.66478712152176
2,-0.00079165847422464,5.69699871876022e-06,-3.14832046158955
2,-6.07528048597909e-05,3.72306540296901e-08,-5.66903822801762
2,-0.000887942296757192,2.13723068946545e-06,-3.50908541984969
2,-0.00177040002392506,6.47170167869669e-06,-2.8974198485036
2,-0.000183755036551678,1.15491715979396e-05,-2.8485261972628
2,-0.00018451758953769,3.65395495256359e-08,-5.2620860168094
2,0.00331665890885798,2.37945158852623e-05,-2.25741686664443
2,0.00044247373429653,2.51248719370461e-07,-4.37433093654672
2,-0.000803050123408779,1.01163149357461e-06,-3.74877534290596
2,0.00272072786120251,2.36333254468728e-05,-2.33535746312966
2,0.000128733903319605,4.43209288609316e-08,-5.44448474533619
2,0.00039707549291583,4.31115921218545e-05,-2.18957031146407
2,0.00105623713811136,1.19962943369481e-06,-3.51729623664376
2,-0.000702493305837795,4.10561085535496e-06,-3.30701732115564
2,7.04935613938266e-05,1.38619462996303e-05,-2.7585419367926
2,0.00209688972280854,2.80163139044741e-05,-2.32843021407415
2,0.00118282690744462,4.94046944188385e-06,-3.13297092724378
2,-3.77226956020476e-05,4.49971752805291e-05,-2.16997921535066
2,-0.000242872196569664,2.248125273978e-06,-3.65512742506178
2,-0.00206311945223897,1.05781794433038e-05,-2.69270755429275
2,-0.00718076666867969,2.04570461702045e-05,-1.30384636504828
2,0.00217026323530192,4.0316323395457e-05,-2.16650307687433
2,0.00098716524783008,4.43163656626548e-05,-2.16662311147799
2,-0.00327340708177106,2.34701135303766e-07,18.0292998612618
2,-2.92481083676063e-05,3.29573810316347e-07,-4.62697454188614
2,0.00143991768714215,1.2135297864354e-05,-2.73980874412745
2,-1.92327468915188e-06,2.38505777567671e-08,-5.94119075928352
2,-0.00118112349795544,7.23425748793466e-07,-3.27097460293598
2,5.01226642892846e-05,2.44530978665105e-08,-5.87742467940877
2,0.000716459294561795,1.40464248873913e-07,-3.22749114955905
2,-0.00218465697102785,2.76977630366728e-05,-2.32646181097994
2,-0.000879559492847522,2.13716501933271e-06,-3.51256153509199
2,-0.00088565124859247,1.46673571974276e-06,-3.61438617168601
2,0.000279322150679386,1.38963154930726e-06,-3.88070306563149
2,0.000140273164612265,4.07409347752933e-07,-4.49811490956198
2,-0.00281265212544941,1.4443995071818e-06,-1.15093563130733
2,-0.000151651702209216,2.12636218803743e-08,-5.45788529646106
2,-3.76598167233913e-06,1.25435126451979e-08,-6.26200538270533
2,-0.000447487813242277,2.39198123794929e-06,-3.59537625695042
2,0.000627248616795987,5.11931921917978e-07,-4.02380604706358
2,0.0002593589729191,1.85093059195024e-07,-4.73503165909925
2,-4.21836890289916e-05,3.6613519212009e-08,-5.70266311411124
2,-0.000226237088344896,6.5732605128537e-08,-5.04504597757885
2,-0.000599922071390312,6.95383450355694e-07,-3.99615805865891
2,0.000813929690252086,9.62178384878165e-07,-3.74831130443853
2,-9.07877593876582e-05,1.97532084019365e-07,-4.86335852431744
2,-0.0010539173178399,3.2325138533767e-06,-3.31485710032612
2,-0.00146182740179565,1.5698933774928e-05,-2.62843847127361
2,0.00174112423750668,2.28071879500874e-06,-2.99645346336237
2,0.000135891422407993,1.37036024018703e-05,-2.76379173004098
2,0.000545559363443202,6.24645486785951e-07,-4.07033723947638
2,0.000804233076803265,1.45473475290393e-07,-2.81412143563186
2,-0.00162802612913354,3.54051962175108e-06,-3.06685303804329
2,0.000285789574466914,2.27341522843647e-06,-3.6446900698947
2,0.00261507779129033,1.91840926323679e-05,-2.41801712999562
2,0.00102466225036907,3.43650342931091e-07,-3.07974242732479
2,-0.0022468225504454,1.51250857622257e-05,-2.54823546758361
2,-5.86682269100187e-05,3.62118052808973e-07,-4.57643484968946
2,0.00159222752682507,2.30774491355457e-05,-2.44893909722019
2,-0.000444690391271685,4.33299572520919e-05,-2.18659085771862
2,-0.000827311401340628,9.88186186868377e-07,-3.73292360227386
2,0.000607101684638488,2.62800723954982e-07,-4.04023508248554
2,-0.00161697737998481,1.29207644623445e-06,-2.93338122760712
2,-2.41751928003842e-05,2.34257150444001e-07,-4.79771536988625
2,0.000235783663869298,1.80575743226622e-06,-3.76241129596006
2,-0.00231856006633555,1.22498865012332e-06,-1.77763701915654
2,0.000831918452328829,3.02449787944246e-07,-3.52707735065969
2,0.00109561537524078,2.38613628675566e-06,-3.38692646711668
2,2.81660527700671e-05,2.48921548932446e-08,-5.90396090822534
2,-0.000967802951076931,2.03201648527719e-05,-2.54444089793165
2,0.000758561815034512,1.43227879873902e-07,-3.03621097401436
2,0.00176012165933865,2.35286724571224e-05,-2.42834982559742
2,0.0014006729858699,1.89499904314748e-05,-2.55062837536705
2,0.00224752021707036,8.08699808338915e-07,-1.05632995584641
2,0.000680714642852106,2.06896707984654e-06,-3.59778855705657
2,-0.00102074489151033,2.15420224454728e-06,-3.44775031739408
2,-0.000390211516017049,7.40035390522058e-08,-4.34634751586479
2,0.000158561250697147,1.59881383005454e-07,-4.91133042372788
2,-0.000221766821065877,1.42010466412282e-07,-4.87606405170001
2,0.000145056260212116,5.37177186565624e-07,-4.36442344474748
2,0.00145991398815202,8.6174190066813e-06,-2.8727369238405
2,0.000554245857774401,5.37041242322579e-06,-3.20424245018961
2,0.000653368829543221,5.37464387371418e-06,-3.19273532182218
2,0.000792107095814265,7.72787204829582e-06,-3.01028261619701
2,-0.000234867931443624,1.16398487383332e-06,-3.97367447735346
2,-0.00104919683403826,2.54164518884173e-07,-2.59262760985707
2,-0.000286018718298675,1.57536648415881e-05,-2.69216193815836
2,0.000207409895652414,6.68389121158488e-06,-3.12022661796005
2,0.000362274481417244,4.31053592540767e-05,-2.18994886960542
2,-0.00027626384107495,3.69533869449138e-05,-2.26743355710997
2,5.88122777624118e-05,2.2712346687758e-07,-4.80681109115474
2,-0.00613203869772536,1.72616721525474e-06,7.0913880371324
2,0.00197442097737768,6.5768636463975e-06,-2.83514832436273
2,-0.00073602593956922,7.17066175963575e-07,-3.86184495238918
2,-0.000681279323369915,1.80616033816442e-05,-2.61355187728546
2,-0.00178889329847397,3.29867406653968e-05,-2.27673559637388
2,-0.00413125811404715,1.19577682965472e-05,-2.11895553483176
2,-0.000138912263022699,2.77948218941745e-07,-4.67874249729772
2,0.00150750090992802,2.81365424206698e-05,-2.36437582374755
2,0.00126533814278285,1.1065914459984e-06,-3.29922365685572
2,0.00110553438908821,3.56909566909293e-05,-2.26872414189305
2,-0.000753485162852644,3.94634864456037e-05,-2.22841373002583
2,-0.00566595402768491,2.63793985606822e-06,2.49657288852636
2,0.0039183507430442,2.47624672198966e-05,-2.15861534157788
2,0.000405096535736436,7.15879974863275e-06,-3.07766207633158
2,-5.74735083575715e-05,2.3583455183533e-07,-4.78860404775353
2,0.000331866415659407,4.74393774376601e-07,-4.33007360049266
2,0.00281757630484431,3.84633905005754e-05,-2.14524283748067
2,-0.00131327408797043,4.02040394952319e-05,-2.20486194954882
2,-0.00708953668343515,1.15916480108168e-06,17.6806173649449
2,-0.00491526310085687,2.21967573031787e-07,49.5960319277067
2,0.000386642979149276,2.37513120354316e-07,-4.47735680755809
2,-0.00111357948600406,1.84191270155675e-05,-2.58293779690387
2,0.000206603348787339,3.34013946056489e-05,-2.31835708923285
2,0.00554295942749512,2.32759435245835e-05,-1.83958140234202
2,-0.000824916188780143,4.45944178958468e-05,-2.16686080984584
2,0.000577452218034607,4.49531842669475e-05,-2.16677521595291
2,-0.000995228323717826,4.50511176617362e-05,-2.15840314949443
2,0.00104207221662202,1.89770611356854e-05,-2.5730681749465
2,-0.00452337024957151,2.84169995476214e-05,-2.03978987604298
2,-0.0027607107380356,2.3160711275102e-05,-2.33753058811169
2,0.00339133643166923,3.75801308626003e-05,-2.10703529087839
2,0.000274918831480113,2.74223177075676e-05,-2.41623820598314
2,-0.00267620408955993,4.31113054695631e-05,-2.10833739932386
2,0.000896347014834618,3.63260330189585e-05,-2.26596885413524
2,0.00293637631862606,1.47520555139394e-05,-2.43536284098483
2,0.00351513559830028,3.12256017415636e-05,-2.15482239687464
2,0.000768340606112586,3.41743609215524e-06,-3.37247675602999
2,-0.00395605064393525,7.21470612380245e-06,-2.00062056014499
2,-0.0039798062402164,2.62976934331854e-05,-2.13740889004872
2,0.00051772119595671,4.51688944836869e-05,-2.16512351480791
2,-0.000556164207816063,4.53211296156265e-05,-2.16299568387334
2,-0.00163777723316727,4.2104180804181e-05,-2.17136806374651
2,0.00410671743674906,2.14216663036659e-05,-2.14744695451781
2,0.00837177231429425,1.65922406842332e-05,-0.556798768485155
2,0.000344355331195209,1.637765558555e-05,-2.67171572043251
2,0.000543141304798153,1.63868734509127e-05,-2.66605339560246
2,-0.00250853896723023,8.59744251941992e-06,-2.63159507476693
2,-0.00113006212760063,2.91140166352424e-05,-2.36575330959129
2,0.00239845890265876,3.58877913666915e-05,-2.20294919925802
2,-0.00213525218553557,2.54683723153369e-06,-2.71077779519508
2,-3.1757514683286e-05,2.19594639093914e-05,-2.52867281983132
2,0.00394183418430065,3.34240192890465e-05,-2.08621901077801
2,-0.00363833289810645,1.19398437387575e-05,-2.27901436181678
2,0.000207903075833691,5.17227382439852e-06,-3.24746028103726
2,-0.00584706788306887,1.7399175763595e-06,6.02828559410761
2,-0.00119701349418281,1.05503582231199e-06,-3.36745887333509
2,-0.00241299914449714,3.75624114583207e-05,-2.18278775210737
2,-0.00211684805460617,1.74752769603225e-05,-2.5146903109071
2,-0.00159813061250577,9.92505374148144e-06,-2.79709839339209
2,-0.000670894383087446,1.07490572978197e-05,-2.86494917092639
2,-0.00124050121889748,5.83439527163619e-06,-3.05953273013467
2,0.00214007199385334,2.85607432274239e-05,-2.31709992724646
2,-0.000168030210251397,3.73310979406062e-05,-2.26300337487917
2,0.00106946898731072,2.23956921913113e-05,-2.49332521655763
2,0.0014775748243244,1.29155279434305e-05,-2.7095602555217
2,0.00274387333967475,3.82518047772521e-06,-2.41837628520565
2,0.00331149431059356,1.72823664578295e-05,-2.33119189911666
2,0.00203185724125823,4.27745065695742e-05,-2.14706551469905
2,-0.00115290225575845,3.16785697308613e-05,-2.32449545247966
2,0.00113479929850101,4.06536074294863e-06,-3.21366047368432
2,0.000464947501047333,2.39433509240934e-05,-2.4809352286449
2,0.000750404196485573,4.51025270460258e-05,-2.16258323149315
2,0.00857153634316138,8.98120059383152e-06,1.11455106156026
2,-0.00341831590911438,2.98278151853354e-05,-2.17970194019333
2,-0.0010202503437971,4.07233009402871e-05,-2.20711438419847
2,-0.00116074899902964,1.81211293013646e-05,-2.58757968398793
2,4.33414320611451e-05,4.54884606259728e-05,-2.16454489714318
2,-0.0043021396033248,3.99251009524293e-05,-1.9980031901551
2,0.000126643448407961,3.56431735973905e-05,-2.28629107544718
2,-0.00462657937704786,1.6381900693549e-05,-2.02188663593947
2,0.00400882961734215,2.25588342943062e-05,-2.15903591157041
2,0.00131090852797884,7.00290689019874e-06,-2.97743451692976
2,0.00432123057829249,2.2977120167806e-05,-2.09970568066686
2,0.000362557174623955,9.37012283977623e-07,-4.03568239650085
2,0.000619645726551515,3.47526701099567e-05,-2.2936424904828
2,0.00082930509311536,2.64404708193053e-05,-2.42284140182381
2,0.00131176723088806,4.47786283622756e-05,-2.15321561733269
2,0.000627056786306007,1.03491614177382e-05,-2.88584542006333
2,-0.00223213299788299,3.56959424457789e-05,-2.21598668005604
2,-0.0027929393564827,1.04608994665638e-05,-2.52663138475611
2,-0.000652762837058857,4.02642961377782e-07,-3.99901942671688
2,-0.00157531835614194,9.83680441041439e-06,-2.80408948954188
2,-0.00147970686881745,4.9317428555268e-06,-3.05346502703672
2,0.00231697700494892,3.59682298325619e-05,-2.20735013784276
2,-0.00348301969781261,1.09178434998469e-05,-2.32251770126318
2,0.00255707078058034,3.07219579521222e-06,-2.4479393888791
2,-7.57606699248238e-05,2.36493186219638e-07,-4.78207784903606
2,0.00101529435817252,4.61787964787019e-06,-3.19671494551591
2,-0.00129151670805856,1.01163135383143e-05,-2.83377836437307
2,-0.000708704687268301,4.39161827401199e-05,-2.17643502610243
2,0.00151753293190441,2.31794936235571e-05,-2.45198538238282
2,-0.00336276496628948,4.32872783626916e-05,-2.0587475743389
2,-0.0015469593517444,1.30122618392379e-06,-3.02209207304694
2,-0.000843049664761939,4.0404197735068e-05,-2.21503276027548
2,-0.000712855916955278,4.19357072933277e-05,-2.19916721132945
2,0.000501766583194827,1.81975978297662e-06,-3.70476600155704
2,0.00382799199999848,4.04945789895483e-05,-2.04177892266591
2,-0.0025293469784178,2.93285577748005e-05,-2.27494634017088
2,0.00620575897202084,2.60272501353325e-05,-1.70389355145833
2,0.00189853891523478,4.30460117495304e-05,-2.15029268383684
2,0.000335643466840904,1.81735156507845e-06,-3.74361005594864
2,-0.00403013131171243,4.12075645722451e-05,-2.01690900145396
2,-0.000868118144817958,5.71614664782047e-06,-3.13572634855844
2,0.000550051718366081,4.43052651812378e-05,-2.17432866665019
2,0.00590795114300652,1.27616135035273e-05,-1.43253979103827
2,-8.70329134193275e-05,3.74600727413311e-08,-5.61443068391787
2,0.00235264908276889,7.68621940315671e-06,-2.69352313866595
2,-0.0017089111556901,3.93116695654165e-05,-2.20039028182683
2,-0.00216809763813968,1.23917895550015e-06,-2.0693921931969
2,0.00281689242686685,2.98997951486432e-06,-2.19874902412436
2,0.00526616628229314,2.99051305108958e-05,-1.91060511686008
2,0.000148152670951513,4.44561495826945e-05,-2.1757963716071
2,0.00021825825729481,4.53325749604194e-05,-2.16575653834158
2,-0.00107180730729434,4.21148521073789e-05,-2.18945610706531
2,-0.00198076729158639,1.40523779594591e-05,-2.61229853138397
2,-0.000800360232137349,1.13141603674244e-05,-2.83195873147099
2,2.64126473014156e-05,3.889351023943e-07,-4.54456943255939
2,0.000587200601695644,2.10384179350605e-06,-3.61946593039425
2,0.00165739747532823,3.33391744683758e-05,-2.27873105088962
2,-0.00429912798341324,3.7927508896154e-05,-2.01180092664147
2,-0.00349799610798339,7.23278057979178e-06,-2.23811362467364
2,0.000286043246686354,2.91079426390717e-06,-3.52502718208777
2,-0.000712945464482373,1.59694450693097e-07,-3.39909209765938
2,-0.000122482411562662,1.37496893420809e-07,-5.01081811752534
2,0.000568457876648075,1.52562095815005e-06,-3.75618828283857
2,-0.000345740810151258,7.25057933416172e-07,-4.15161422338271
2,-0.0047033658977464,3.32600478409029e-06,-0.146849903782409
2,0.000482293622190283,2.50925097351423e-07,-4.30109613758659
2,-0.000661523149717407,3.20393485233148e-06,-3.42281200153189
2,0.00276511548094128,1.0653521007351e-05,-2.53150756501447
2,-9.21905905548114e-05,7.60792702202243e-07,-4.20440637523428
2,-0.000903157589969306,6.83578340627338e-06,-3.05254583762694
2,0.000146953762353786,4.02738539529772e-07,-4.50121803713944
2,0.000931227263822542,6.58283659255996e-07,-3.62368393558546
2,0.00112919539806831,2.47790649938019e-05,-2.44256629139239
2,-0.000438227705601522,1.28054945696253e-06,-3.87466544852399
2,0.000138639213430156,4.4552082706084e-08,-5.41313114365845
2,0.0010644648553228,4.28674938952325e-05,-2.1810218372933
2,0.000474726356460633,2.08983725765046e-05,-2.54806731146203
2,0.000703978090681774,3.36919796824162e-05,-2.30731033111831
2,-0.000274711452281843,4.15182682428533e-05,-2.20931928765074
2,3.73311014371593e-05,4.54873644294965e-05,-2.16456227566816
2,-0.0030235812175799,3.77902503225475e-05,-2.136311616811
2,0.000277876507710303,7.81491999787717e-06,-3.04033726985433
2,-0.00130902513560595,2.97002943625994e-05,-2.34886910371366
2,0.00123749609042538,3.13001205923414e-05,-2.32702080063413
2,0.000407213403216174,4.34190433639906e-05,-2.18593625705361
2,0.000788538134373629,4.53080135729783e-05,-2.15969109035137
2,0.000732647497876376,4.5209986716629e-05,-2.16169944617992
2,0.0002049561859691,4.04877771697313e-05,-2.22227605848914
2,-0.000348561848768432,4.5397597099985e-05,-2.16422717195977
2,-0.00019423966368311,4.11521202454487e-05,-2.2141987507903
2,0.00346524817732372,3.95801911305564e-05,-2.08243915509498
2,0.0055106796312549,1.85758442076971e-05,-1.7949692528791
2,4.05404907368226e-05,1.16027837277107e-06,-3.99825666043526
2,-0.00146905761563243,6.6173677362738e-06,-2.96538043671034
2,-0.00178250069085939,1.02393257960378e-05,-2.75502475473833
2,0.000876733408624861,7.18241393250859e-06,-3.03396715384121
2,-0.00241946805576844,1.97461230919561e-05,-2.4335890839579
2,0.000238660109615717,3.24790248708521e-05,-2.33212078660335
2,-0.000403053222857055,3.98471959486759e-05,-2.22873043101119
2,-0.00038664803853989,4.52187446215018e-05,-2.16588599405949
2,0.00203703446917164,6.58257980760248e-06,-2.81589282613753
2,-0.00148736608577234,3.45919900995825e-06,-3.13301188490443
2,-0.000534991336661116,8.86941677272745e-07,-3.97193310813293
2,0.00171841563380985,6.82536430065543e-06,-2.8966500726493
2,-0.000134882054405082,1.2840221477616e-05,-2.79629516752657
2,-0.000430924311004954,4.07016157742502e-05,-2.21787980581224
2,-0.000507268430818002,1.89466752826344e-05,-2.59568998036635
2,0.000872588098335781,3.55513914826855e-05,-2.27709665497115
2,-0.00321330632984584,4.13742810470142e-05,-2.08718549556173
2,0.000240822887677552,3.75250592543016e-05,-2.260017648196
2,-0.00537792307662835,2.95752992245828e-05,-1.89086884126625
2,-0.0023659546238408,1.48959897979585e-05,-2.53485463053617
2,-0.000223002172092679,4.52208316171658e-05,-2.16696610016769
2,0.000176052948306241,4.530915115239e-05,-2.16619833835571
2,9.40786433037812e-06,4.54448498426963e-05,-2.16504416210197
2,-0.000332232166688645,6.02685537898003e-06,-3.16602499854458
2,-0.000178683934303364,3.32365320295952e-06,-3.46795947468136
2,0.00375777940054794,2.23306651538796e-05,-2.20413699813448
2,-0.00536103000681778,2.64713231554931e-05,-1.89240014929674
2,-0.00141688984810888,3.10330044484893e-05,-2.32342340238329
2,-0.0020709335227905,2.42997360216732e-05,-2.38981497654538
2,2.19009771045657e-06,1.6464108593538e-06,-3.8239945879935
2,-6.21035866107539e-05,4.64419288290315e-07,-4.45262629167941
2,-0.000421347997064861,1.13488141438705e-06,-3.93181376116887
2,0.00264092464897911,3.84201393453213e-05,-2.15823801605439
2,-0.00455323921451016,2.65581665622766e-05,-2.04331338986139
2,-0.00770561505736306,3.42852398725169e-05,-1.44001809383325
2,0.000574598717738702,4.5050297698585e-05,-2.16574069987611
2,0.000214303940618361,4.4238223500344e-05,-2.17798120735757
2,0.00251481774178039,4.4316717815998e-05,-2.10626036664289
2,-0.000653968289311678,4.43221065892216e-05,-2.17272848063251
2,-0.000142653014344738,4.46026540427075e-05,-2.17417007901124
2,-0.000136629567399002,4.47070305732786e-05,-2.17302072177802
2,0.00453980904314288,1.29616873986042e-05,-1.9972657326081
2,-0.00356283816279612,9.05676138743813e-06,-2.27074687239106
2,-0.00398432954907058,3.85234476481862e-05,-2.04161953021937
2,0.000696215185583087,7.86290034209862e-07,-3.88528015232439
2,-0.00173082145042262,2.1848994765843e-05,-2.46266180549788
2,-0.000292419327589169,3.34768469504553e-07,-4.49273921163657
2,-0.001702499554966,1.32750847285553e-05,-2.67117955446118
2,0.000186433576807386,3.56806604290213e-07,-4.53986924255293
2,0.00342171371615967,4.07714640525953e-05,-2.0757213284686
2,0.00103190398738682,2.03178570992589e-05,-2.54134061924238
2,-0.00131998029222341,7.39353768608584e-07,-3.04599313769658
2,0.00111579323967345,1.63193957602762e-06,-3.44696399213238
2,0.00251632714704831,7.98196755723019e-06,-2.63806447623749
2,-0.00096272413774772,6.27545321631913e-06,-3.08112575036999
2,-0.0028241933930542,9.03938621933501e-06,-2.53131507160234
2,-0.000265681168171935,4.52481858751377e-05,-2.16643360409927
2,-0.00443132996657964,3.29234542265569e-05,-2.02798496656114
2,-4.36879915225478e-05,2.06641104920315e-06,-3.70992640566107
2,-0.00302903937822731,6.34030757878517e-06,-2.42627963166743
2,-0.000785287571102557,4.18064459355179e-05,-2.19939424065152
2,-0.00100656196909252,4.04164349302069e-05,-2.21114253529891
2,-0.00137466665019479,3.19533616285532e-05,-2.3115864001109
2,0.000407495101517146,4.52605760987318e-05,-2.16524229838458
2,0.000171079269590946,4.54606104215875e-05,-2.16454985627355
2,-0.00109864892812895,1.53173826075374e-06,-3.46608684486237
2,0.00221560974821321,1.96403009393388e-05,-2.45953231570264
2,-0.000779061976134892,1.84677871498498e-05,-2.59884856552655
2,-0.000629158239135641,3.04580684976464e-05,-2.35862130299583
2,-0.000465306909751691,1.74571476252363e-05,-2.63721910040853
2,-0.00052513445799756,1.06830933177361e-05,-2.87605700722543
2,0.000593666591770735,1.75538183523489e-06,-3.69156326277995
2,0.000953590204728967,1.77825672299302e-06,-3.52979674438023
2,-8.36566066977996e-05,5.32348937809406e-07,-4.38194978040093
2,-0.00264143734035217,3.82654545933185e-05,-2.15985284719536
2,-0.00126600047886446,4.39654299961277e-05,-2.16336559286479
2,-0.000330809684680043,4.48148236342294e-05,-2.17080443161273
2,-0.00431898195235285,8.79244672728111e-06,-1.9255739552282
2,-1.65863132498772e-05,4.08676150967667e-05,-2.21812254854603
2,-0.0021801007382402,1.76122508049321e-06,-2.4409908552513
2,0.00283630744516859,2.39587582705341e-05,-2.31724275236378
2,-0.000525171763147717,3.10555180781464e-05,-2.35096611003713
2,-0.00111242168264258,3.86662756540823e-07,-2.94818766026447
2,-0.0019561447650131,4.11959867410253e-05,-2.16768180523897
2,0.0010988096678437,1.60134699138058e-05,-2.64888079543879
2,0.00117271127253021,2.78957463764545e-05,-2.38440793037798
2,6.19547400400518e-05,1.15740287523281e-05,-2.84874722283001
2,-0.00204901640646156,2.59543042827634e-05,-2.3642442275703
2,-0.00172259785533491,1.45639905544614e-05,-2.63214623775714
2,0.000954241666143263,7.19508610336065e-07,-3.60511116891951
2,0.000310496285505416,3.13309688555651e-07,-4.49972239136939
2,0.0014239388171864,1.81860354074303e-05,-2.56722176037338
2,0.000341542788278324,1.95378140212487e-06,-3.70855880285148
2,0.00384458711148481,4.38327275779515e-06,-1.64834523630884
2,0.000756536954456733,1.5524925728256e-08,12.277252236281
2,0.000622585084784006,4.61060367573636e-06,-3.26708062378368
2,-0.00346736493356875,2.22191771373892e-05,-2.25227099689209
2,-0.00302091127504593,2.98491388620426e-05,-2.22234975109797
2,-0.00242209964743227,4.31413337330679e-05,-2.12306169484937
2,-0.00511300922005197,1.32682562100551e-05,-1.79544191530789
2,0.00306970660030643,2.80409085727256e-05,-2.2384385220352
2,-0.00139428971746502,5.19554970153952e-06,-3.06230626493198
2,0.00121383686930203,3.6736412529088e-05,-2.25135699836052
2,-0.00203305726043074,2.61702516237228e-05,-2.36201336731334
2,0.00101532760689167,6.32889328585787e-07,-3.48759313011712
2,-2.87195696333092e-05,1.98475888152804e-06,-3.73033838048088
2,0.000842740790310855,1.2008951644205e-06,-3.686060162142
2,-0.000331394751575988,7.24419324732646e-08,-4.62777633823435
2,-0.00081484701865288,3.8562116456418e-06,-3.31236055021376
2,0.0011958952058313,3.91533479478518e-06,-3.20820805965858
2,-9.6130053544151e-05,2.39721744201275e-06,-3.63421311247916
2,-0.00442490716874476,5.70511373412484e-06,-1.48662629907988
2,-0.00405970578542245,2.70661484718658e-05,-2.11969128063736
2,-0.00202948872119073,4.42062421552284e-05,-2.13227542562888
2,-0.000172726201133519,4.07805781904996e-05,-2.21882612289202
2,0.000828397252050013,3.68768913030707e-06,-3.3277498891887
2,7.30372649544293e-05,1.74932989332731e-05,-2.64223346983807
2,-0.000255676182532134,3.93143146074182e-05,-2.23666915912093
2,-0.00254804819464674,3.40519012636418e-05,-2.2140188075433
2,0.0023351306995798,1.72948846018699e-05,-2.49044648909607
2,0.00156573198784743,3.85291526983146e-05,-2.2157735128945
2,-0.000225499431375974,3.2178383791634e-05,-2.33685730085762
2,-0.000801177926594688,3.4245915099726e-05,-2.29713952308397
2,-0.00118146761619238,4.45947913733812e-05,-2.15883580549454
2,-0.000838945538305498,2.6997535207601e-05,-2.4123870272513
2,0.00170580697848816,4.26219032122254e-05,-2.16297597834168
2,-0.000217423524264604,1.47615523676804e-06,-3.86256223723375
2,-0.00158977265257388,1.06956445444181e-05,-2.77022675611858
2,-0.00125086656925365,2.27408306529114e-05,-2.4768117223706
2,0.000828103993875384,3.92926903375634e-05,-2.22904937610911
2,0.00182613097574101,2.5143891170186e-05,-2.39467398974675
2,0.00065980052335739,5.77963882224933e-06,-3.15846304889739
2,-0.000265897324323016,8.72253759460513e-06,-2.98628698431335
2,0.00387984217636675,3.75903153480067e-05,-2.05969488610415
2,-0.00168919484394226,3.84535409798956e-05,-2.21146784861062
2,0.00330437930805984,2.38939224816537e-05,-2.25799537174812
2,0.000190912970993147,2.63067731324464e-07,-4.67169227517766
2,0.000691368102689616,1.35908908225314e-05,-2.75101006303487
2,-0.000863454038552838,1.10022047019925e-05,-2.84036506927322
2,-0.00487860167148271,2.55619404641989e-05,-1.98719199708114
2,-0.00377656804356086,3.27837385779169e-05,-2.11080509108298
2,-0.00232705257029916,1.72736352856138e-05,-2.49195741493347
2,0.000342627132119565,5.6401306198628e-06,-3.19793430219988
2,-0.0012397713428007,3.31853318033727e-05,-2.29908258429609
2,-0.00518942504721019,3.69989688508784e-05,-1.90391901453572
2,0.00158502373195685,3.26022763717857e-06,-3.09710115830151
2,0.000269186184525777,7.19125582885944e-06,-3.08182382914878
2,0.00306301083595345,2.78641572045606e-05,-2.24127118213493
2,-0.00154584620556483,4.36996238520945e-05,-2.15728347859305
2,-0.00570526557356531,4.19749835201024e-05,-1.81702637775264
2,3.20464937983075e-05,4.5297775827459e-05,-2.16665458347407
2,-0.00663293586105787,2.92140221665008e-05,-1.63297868533201
2,0.00294782334754029,1.60768921333061e-05,-2.41435021943076
2,0.000863818504608855,2.35697825185385e-07,-3.21297552380778
2,0.000360803007191005,2.85799635597178e-05,-2.39466448802031
2,-0.00203919863084293,7.28030033851894e-06,-2.79512094884704
2,0.00148101307418586,3.00999209639221e-06,-3.1579730884644
2,0.000677971374692969,4.51519797896875e-07,-3.961865095372
2,0.0020090327415264,2.67563165040389e-06,-2.82694799309414
2,0.000498999931643696,3.56936103133464e-05,-2.28232100832267
2,0.00480141178087326,1.1385516304096e-05,-1.84471676149057
2,-0.00349489745163858,2.4493640996344e-05,-2.22475180785818
2,-3.52830522665888e-05,3.89184576764398e-05,-2.24254457774236
2,-0.000376152297254778,4.07664188408608e-06,-3.3533042830238
2,-0.00315608582526428,3.6287598720627e-05,-2.14030779917954
2,0.00493645342659765,2.14815460286085e-05,-1.9724999379836
2,0.000348966538049271,2.06617008297471e-06,-3.68097712519022
2,0.00115871708078269,4.08508420117655e-07,-2.87758994698031
2,0.00363243781246984,2.66189205751914e-05,-2.18464116376081
2,-0.00269227451850044,2.32289738932231e-05,-2.34457527818819
2,0.0028051733435801,2.09541940953113e-05,-2.36435882875066
2,0.00113018044665614,9.57371212165141e-07,-3.42798571053319
2,0.0013235614091022,7.72036273018129e-06,-2.93791003397129
2,-0.00102486935172264,6.22781039019801e-07,-3.46679534971012
2,0.00161422849447111,2.52576086823673e-05,-2.40714802142265
2,0.000186489354114286,3.88757095462043e-05,-2.24266277354638
2,-0.00053618153914204,4.37409118448518e-05,-2.18086666461367
2,9.00293734998419e-05,4.50460255058918e-05,-2.16936254081357
2,0.00210375359414327,1.9129332297882e-05,-2.4820030050822
2,-0.00164984027350699,3.37091948540119e-05,-2.27403522425769
2,0.00129254463504079,3.75024539663496e-05,-2.23881753645343
2,-0.000906947456277069,9.97304810547735e-07,-3.6622559907654
2,0.00134747786492712,3.76604880218237e-05,-2.23488302326394
2,0.000405919955616731,2.09101005523297e-05,-2.54923873839624
2,0.000573400989323113,2.65968831567726e-07,-4.11738667430612
2,0.00328633459713231,2.41155039031649e-05,-2.25794517561617
2,-0.00140072715739229,4.05554709905994e-05,-2.19776999767033
2,-0.000904240094750017,3.58734286606455e-05,-2.27190012918716
2,-0.00155057051938918,1.44099451077181e-05,-2.65591164028151
2,0.000897650604016555,3.08692341795246e-07,-3.35585484354922
2,-0.000882083471248293,2.41362583795697e-05,-2.46531897501274
2,0.000743973956112312,1.40437718001276e-05,-2.73249923453474
2,0.00110080081193362,2.7036943646092e-06,-3.35189149939328
2,0.000341672977847668,2.0216289047736e-07,-4.58390702702932
2,-9.31720619050542e-07,3.00698404731578e-08,-5.82539674440716
2,-0.00106733694178297,6.02936137649249e-07,-3.38154979300629
2,-0.00301745012202148,3.54321094925682e-05,-2.16100043051849
2,0.0048035875200109,5.45107436498274e-06,-1.10888345524253
2,0.00335042028377108,4.84187982678047e-06,-2.12545349761315
2,-0.0020950059783382,3.87794398865301e-05,-2.18775987212726
2,0.000931713177113531,4.50094541491949e-05,-2.16021519338244
2,-0.00185004839409564,2.55977801256209e-05,-2.38518707100664
2,-0.0022677939928388,3.75351260772585e-05,-2.19214860021509
2,0.00160659047121274,3.99152619295523e-05,-2.19758285102078
2,0.00180096549009269,4.09842965235666e-05,-2.17713064521022
2,0.000619861975528285,1.50196229425898e-07,-3.74211161185754
2,0.000399696013469184,3.27937442275899e-06,-3.45511071378075
2,-0.00293312361809228,6.79788952104711e-06,-2.48220311523455
2,-0.00208985148514054,1.6716845915965e-05,-2.53445533263575
2,0.00251892901158813,3.15828066473397e-05,-2.24653816885391
2,0.00038964392326863,3.28176285116696e-05,-2.32549885032727
2,0.00183180411586929,1.90900656569791e-05,-2.51082465591349
2,-0.000939582492319349,4.470293441696e-05,-2.16340106957723
2,-0.000825475148249642,1.11849292782078e-05,-2.83555020673268
2,0.00169814840959493,5.46146327027676e-06,-2.9604314363563
2,0.00185636342852184,2.99202203502732e-06,-2.94944119600693
2,0.00193733864710044,1.43725330369252e-06,-2.58621481865697
2,0.000413001550355998,4.25354762475045e-05,-2.19612061860834
2,-0.000150045651243776,4.20228240670606e-05,-2.20392056054202
2,-0.00189859308691132,2.80929764239711e-05,-2.34137927070197
2,0.0013286753139347,4.48735442618615e-05,-2.15170009341165
2,0.00358230855062805,3.88249992720993e-05,-2.07849632549426
2,-0.00172266862190423,1.21197098720683e-05,-2.70345021998703
2,-0.000206316339626305,4.02925792516746e-08,-5.15087209964207
2,0.00049619502616566,5.58184396314563e-07,-4.14428288754796
2,-0.000932686196778418,6.34283654029372e-07,-3.61518739477645
2,-0.000128526935255183,3.25165789094688e-06,-3.48117227683957
2,-0.00028093046610917,2.9137166087649e-07,-4.55444099255913
2,0.00172385300299379,4.82786656539687e-06,-2.97833040426985
2,0.00288277100630437,3.04123684448608e-05,-2.22924208715556
2,0.00136475384734089,3.21256039690369e-05,-2.30947960604499
2,-0.00170960645634096,4.50736411434919e-05,-2.13672408511468
2,0.000554669622744737,4.35682602655488e-05,-2.18259966789694
2,-0.00074946415526263,1.0963378053771e-05,-2.85039771461971
2,0.00601985675728253,2.19101618971105e-05,-1.70283632791515
2,0.00391234763793893,1.61553200424145e-05,-2.2084418980021
2,-0.000716059088077632,1.13109925790979e-05,-2.83774177288181
2,0.00155637445463543,8.35897058197061e-06,-2.86673491420802
2,-0.00125251097569428,1.56587155731093e-06,-3.34814370500329
2,-6.36403510731241e-06,2.68916279330077e-06,-3.57867239724427
2,0.000511937765997941,9.0067558453805e-06,-2.95975831891131
2,-0.0041510375168906,4.04868438305437e-05,-2.01000743685567
2,0.00569391002565835,2.52547973332446e-05,-1.81691646663458
2,0.00143343654150252,9.98147447677786e-06,-2.82000177944892
2,-0.00311538736206182,3.81342454734881e-06,-2.13146906699038
2,-0.000870399189013693,2.70693820155262e-07,-3.32732103845249
2,-0.00154779497090397,7.19181647989183e-06,-2.92026776746979
2,-5.41303296568573e-05,4.54136493699678e-05,-2.16535627216996
2,4.60749240261586e-05,4.52287872127421e-05,-2.16740453248166
2,-0.00110313496154075,4.35271073996145e-05,-2.17262421141985
2,-0.00160036643978382,7.38403292531838e-06,-2.90020849083499
2,-0.000763420181796652,3.58603712062189e-05,-2.27535236950926
2,0.000931321263709952,3.12588268788319e-05,-2.33827015745562
2,0.00107243466217718,1.49454173232287e-06,-3.48761291127792
2,0.00167375823848476,2.66861730631753e-06,-3.057623605178
2,0.000384416121040606,1.65236087357477e-06,-3.77747578708465
2,-0.00310940505467329,2.42747104764846e-06,-1.638414665252
2,0.000980277869949015,2.02665257015481e-05,-2.54510193099409
2,-0.000358684306041389,2.92202970686614e-06,-3.51514107969963
2,-0.00191296847574016,6.78539930265542e-06,-2.84625223186195
2,0.00201741134924366,9.40551195765225e-06,-2.73628718124791
2,3.45608531166642e-05,2.99558204796564e-05,-2.37341312591504
2,0.00377778858073183,3.8458717158226e-05,-2.06295665763477
2,-0.00306446635066791,2.47647943875349e-05,-2.27898044686827
2,0.000644412489220958,3.38784534934781e-05,-2.30577649039648
2,0.00204474085202949,3.75945109597113e-05,-2.20425979978231
2,-0.00127564221176181,4.13142146070918e-05,-2.19299783251621
2,0.000224590159588867,4.48722990805705e-05,-2.17082250927126
2,0.00216958935784619,3.93104398906485e-05,-2.17767872806531
2,-0.00105855628597845,3.7692737362305e-05,-2.24369701371723
2,0.000987165247833183,4.43163656626548e-05,-2.16662311147792
2,0.000239392058524288,3.92838643268863e-05,-2.23715854079001
2,-0.00119104803983578,3.84676388038927e-05,-2.22994740088847
2,0.00317663354620901,4.26460726742605e-05,-2.07851627240631
2,0.000100716235312298,4.13020227142774e-05,-2.21271634835436
2,-3.3378702268995e-06,4.10519281284375e-05,-2.21587584738475
2,0.000947598053158381,1.17853910470894e-06,-3.61020150433931
